De,,Para,,,,,,,,,,,,,,,,,,,,,,,,,,,,,,,,,,
"PORTARIA N. 47, DE 14 DE FEVEREIRO DE 2020. DO ARQUIVO NACIONAL (REVOGADA)",,PORTARIA AN/MGI Nº 174/2024 (EM VIGOR) ,,,,,,,,,,,,,,,,,,,,,,,,,,,,,,,,,,
CÓDIGO,DESCRITOR DO CÓDIGO,CÓDIGO,DESCRITOR DO CÓDIGO,,,,,,,,,,,,,,,,,,,,,,,,,,,,,,,,,
000,Administração Geral,000,Administração Geral,,,,,,,,,,,,,,,,,,,,,,,,,,,,,,,,,
011,Organização administrativa,011,Organização administrativa (Organização e Funcionamento),,,,,,,,,,,,,,,,,,,,,,,,,,,,,,,,,
015.1,Planejamento institucional,015.1,Planejamento institucional (Gestão Institucional),,,,,,,,,,,,,,,,,,,,,,,,,,,,,,,,,
015.2,Acompanhamento das atividades,015.2,Acompanhamento das atividades (Gestão Institucional),,,,,,,,,,,,,,,,,,,,,,,,,,,,,,,,,
001,Relação interinstitucional,001,Relação interinstitucional (Administração Geral),,,,,,,,,,,,,,,,,,,,,,,,,,,,,,,,,
010,Organização e funcionamento,010,Organização e funcionamento,,,,,,,,,,,,,,,,,,,,,,,,,,,,,,,,,
010.01,Normatização. Regulamentação (Organização e Funcionamento),010.01,Normatização. Regulamentação (Organização e Funcionamento),,,,,,,,,,,,,,,,,,,,,,,,,,,,,,,,,
012,Habilitação jurídica e regularização fiscal,012,Habilitação jurídica e regularização fiscal (Organização e Funcionamento),,,,,,,,,,,,,,,,,,,,,,,,,,,,,,,,,
011,Organização administrativa,011,Organização administrativa,,,,,,,,,,,,,,,,,,,,,,,,,,,,,,,,,
013.1,Operacionalização (Coordenação e gestão de reuniões),013.1,Operacionalização (Coordenação e gestão de reuniões),,,,,,,,,,,,,,,,,,,,,,,,,,,,,,,,,
013.2,Registro de deliberações (Coordenação e gestão de reuniões),013.2,Registro de deliberações (Coordenação e gestão de reuniões),,,,,,,,,,,,,,,,,,,,,,,,,,,,,,,,,
005.1,Criação e atuação (Participação em órgãos colegiados),005.1,Criação e organização (Participação em órgãos colegiados),,,,,,,,,,,,,,,,,,,,,,,,,,,,,,,,,
005.2,Operacionalização de reuniões (Participação em órgãos colegiados),005.2,Operacionalização de reuniões (Participação em órgãos colegiados),,,,,,,,,,,,,,,,,,,,,,,,,,,,,,,,,
061.011,Composição e atuação (Constituição da comissão permanente de avaliação de documentos),061.011,Composição e atuação (Constituição da comissão permanente de avaliação de documentos),,,,,,,,,,,,,,,,,,,,,,,,,,,,,,,,,
061.012,Operacionalização de reuniões (Constituição da comissão permanente de avaliação de documentos),061.012,Operacionalização de reuniões (Constituição da comissão permanente de avaliação de documentos),,,,,,,,,,,,,,,,,,,,,,,,,,,,,,,,,
019.1,Comunicação social,019.1,Gerenciamento de estratégias de marketing e de comunicação social (Outras ações referentes à Organização e Funcionamento),,,,,,,,,,,,,,,,,,,,,,,,,,,,,,,,,
019.112,Relação com a imprensa,019.112,Relação com a imprensa (Outras ações referentes à Organização e Funcionamento),,,,,,,,,,,,,,,,,,,,,,,,,,,,,,,,,
019.111,Credenciamento de jornalistas,019.111,Credenciamento de jornalistas (Outras ações referentes à Organização e Funcionamento),,,,,,,,,,,,,,,,,,,,,,,,,,,,,,,,,
019.12,Comunicação interna,019.12,Divulgação interna (Outras ações referentes à Organização e Funcionamento),,,,,,,,,,,,,,,,,,,,,,,,,,,,,,,,,
019.113,Elaboração de campanhas publicitárias,019.113,"Elaboração de propagandas, campanhas de marketing e publicitárias ",,,,,,,,,,,,,,,,,,,,,,,,,,,,,,,,,
019,Outras ações referentes à organização e funcionamento,019,Outras ações referentes à organização e funcionamento,,,,,,,,,,,,,,,,,,,,,,,,,,,,,,,,,
020,Gestão de pessoas,020,Gestão de pessoas,,,,,,,,,,,,,,,,,,,,,,,,,,,,,,,,,
010.01,Normatização. Regulamentação (Organização e funcionamento),010.01,Normatização. Regulamentação (Organização e Funcionamento) ,,,,,,,,,,,,,,,,,,,,,,,,,,,,,,,,,
020.01,Normatização. Regulamentação (Gestão de pessoas),020.01,Normatização. Regulamentação (Gestão de pessoas),,,,,,,,,,,,,,,,,,,,,,,,,,,,,,,,,
020.2,Identificação funcional,020.2,Identificação funcional,,,,,,,,,,,,,,,,,,,,,,,,,,,,,,,,,
023.18,"Obrigações trabalhistas e estatutárias, encargos patronais e recolhimentos",023.18,"Obrigações trabalhistas e estatutárias, encargos patronais e recolhimentos",,,,,,,,,,,,,,,,,,,,,,,,,,,,,,,,,
023.186,Lei dos dois terços. Relação anual de informações sociais (Rais),023.186,Lei dos dois terços. Relação anual de informações sociais (Rais),,,,,,,,,,,,,,,,,,,,,,,,,,,,,,,,,
020.033,Relação com conselhos profissionais,020.033,Relação com conselhos profissionais,,,,,,,,,,,,,,,,,,,,,,,,,,,,,,,,,
020.031,Relação com sindicatos,020.031,Relação com sindicatos,,,,,,,,,,,,,,,,,,,,,,,,,,,,,,,,,
020.11,Servidores e empregados públicos (Assentamento funcional),020.11,Servidores e empregados públicos (Assentamento funcional),,,,,,,,,,,,,,,,,,,,,,,,,,,,,,,,,
020.12,Servidores temporários (Assentamento funcional),020.12,Servidores temporários (Assentamento funcional),,,,,,,,,,,,,,,,,,,,,,,,,,,,,,,,,
020.13,Residentes e estagiários (Assentamento funcional),020.13,Residentes e estagiários (Assentamento funcional),,,,,,,,,,,,,,,,,,,,,,,,,,,,,,,,,
020.14,Ocupantes de cargo comissionado e de função de confiança (Assentamento funcional),020.14,Ocupantes de cargo comissionado e de função de confiança (Assentamento funcional),,,,,,,,,,,,,,,,,,,,,,,,,,,,,,,,,
021,Recrutamento e seleção,021,Recrutamento e seleção,,,,,,,,,,,,,,,,,,,,,,,,,,,,,,,,,
021.2,Inscrição (Recrutamento e seleção),021.2,Inscrição (Recrutamento e seleção),,,,,,,,,,,,,,,,,,,,,,,,,,,,,,,,,
021.1,Planejamento do processo seletivo (Recrutamento e seleção),021.1,Planejamento do processo seletivo (Recrutamento e seleção),,,,,,,,,,,,,,,,,,,,,,,,,,,,,,,,,
021.3,Controle de aplicação de provas (Recrutamento e seleção),021.3,Controle de aplicação de provas (Recrutamento e seleção),,,,,,,,,,,,,,,,,,,,,,,,,,,,,,,,,
021.4,Correção de provas. Avaliação (Recrutamento e seleção),021.4,Correção de provas. Avaliação (Recrutamento e seleção),,,,,,,,,,,,,,,,,,,,,,,,,,,,,,,,,
021.5,Divulgação dos resultados e interposição de recursos (Recrutamento e seleção),021.5,Divulgação dos resultados e interposição de recursos (Recrutamento e seleção),,,,,,,,,,,,,,,,,,,,,,,,,,,,,,,,,
024,Capacitação do servidor,024,Capacitação do servidor,,,,,,,,,,,,,,,,,,,,,,,,,,,,,,,,,
024.1,Promoção de cursos pelo órgão e entidade,024.1,Promoção de cursos pelo órgão e entidade (Capacitação do servidor),,,,,,,,,,,,,,,,,,,,,,,,,,,,,,,,,
024.11,Programação (Promoção de cursos pelo órgão e entidade),024.11,Programação (Promoção de cursos pelo órgão e entidade),,,,,,,,,,,,,,,,,,,,,,,,,,,,,,,,,
024.12,Inscrição e frequência (Promoção de cursos pelo órgão e entidade),024.12,Inscrição e frequência (Promoção de cursos pelo órgão e entidade),,,,,,,,,,,,,,,,,,,,,,,,,,,,,,,,,
024.13,Avaliação e resultados (Promoção de cursos pelo órgão e entidade),024.13,Avaliação e resultados (Promoção de cursos pelo órgão e entidade),,,,,,,,,,,,,,,,,,,,,,,,,,,,,,,,,
024.2,Participação em cursos promovidos por outros órgãos e entidades,024.2,Participação em cursos promovidos por outros órgãos e entidades,,,,,,,,,,,,,,,,,,,,,,,,,,,,,,,,,
024.3,Promoção de estágios pelo órgão e entidade,024.3,Promoção de estágios pelo órgão e entidade,,,,,,,,,,,,,,,,,,,,,,,,,,,,,,,,,
024.31,Programação (Promoção de estágios pelo órgão e entidade),024.31,Programação (Promoção de estágios pelo órgão e entidade),,,,,,,,,,,,,,,,,,,,,,,,,,,,,,,,,
024.32,Inscrição e frequência (Promoção de estágios pelo órgão e entidade),024.32,Inscrição e frequência (Promoção de estágios pelo órgão e entidade),,,,,,,,,,,,,,,,,,,,,,,,,,,,,,,,,
024.33,Avaliação e resultados (Promoção de estágios pelo órgão e entidade),024.33,Avaliação e resultados (Promoção de estágios pelo órgão e entidade),,,,,,,,,,,,,,,,,,,,,,,,,,,,,,,,,
024.51,Relação com instituições de ensino e agentes de integração (Concessão de estágios e bolsas para estudantes),024.51,Relação com instituições de ensino e agentes de integração (Concessão de estágios e bolsas para estudantes),,,,,,,,,,,,,,,,,,,,,,,,,,,,,,,,,
024.52,Plano de estágio (Concessão de estágios e bolsas para estudantes),024.52,Plano de estágio (Concessão de estágios e bolsas para estudantes),,,,,,,,,,,,,,,,,,,,,,,,,,,,,,,,,
024.4,Participação em estágios promovidos por outros órgãos e entidades,024.4,Participação em estágios promovidos por outros órgãos e entidades,,,,,,,,,,,,,,,,,,,,,,,,,,,,,,,,,
020.02,Implementação das políticas de pessoal,020.02,Implementação das políticas de pessoal,,,,,,,,,,,,,,,,,,,,,,,,,,,,,,,,,
020.021,Planejamento da força de trabalho. Previsão de pessoal,020.021,Planejamento da força de trabalho. Previsão de pessoal,,,,,,,,,,,,,,,,,,,,,,,,,,,,,,,,,
020.022,"Criação, extinção, classificação, transformação e transposição de cargos e de carreiras",020.022,"Criação, extinção, classificação, transformação e transposição de cargos e de carreiras",,,,,,,,,,,,,,,,,,,,,,,,,,,,,,,,,
022.63,Promoção e progressão funcional (Avaliação de desempenho),022.63,Promoção e progressão funcional (Avaliação de desempenho),,,,,,,,,,,,,,,,,,,,,,,,,,,,,,,,,
023.12,Reestruturação e alteração salarial (Pagamento de vencimentos. Remunerações. Salários. Proventos),023.12,Reestruturação e alteração salarial (Pagamento de vencimentos. Remunerações. Salários. Proventos),,,,,,,,,,,,,,,,,,,,,,,,,,,,,,,,,
022.2,Movimentação de pessoal,022.2,Movimentação de pessoal,,,,,,,,,,,,,,,,,,,,,,,,,,,,,,,,,
022.1,Provimento de cargo público,022.1,Provimento de cargo público,,,,,,,,,,,,,,,,,,,,,,,,,,,,,,,,,
022.7,Vacância,022.7,Vacância,,,,,,,,,,,,,,,,,,,,,,,,,,,,,,,,,
022.21,"Lotação, exercício e permuta",022.21,"Lotação, exercício e permuta",,,,,,,,,,,,,,,,,,,,,,,,,,,,,,,,,
022.3,Remoção,022.3,Remoção,,,,,,,,,,,,,,,,,,,,,,,,,,,,,,,,,
022.4,Redistribuição,022.4,Redistribuição,,,,,,,,,,,,,,,,,,,,,,,,,,,,,,,,,
022.5,Substituição,022.5,Substituição,,,,,,,,,,,,,,,,,,,,,,,,,,,,,,,,,
022.22,Cessão. Requisição,022.22,Cessão. Requisição,,,,,,,,,,,,,,,,,,,,,,,,,,,,,,,,,
023,Concessão de direitos e vantagens,023,Concessão de direitos e vantagens,,,,,,,,,,,,,,,,,,,,,,,,,,,,,,,,,
023.11,Folhas de pagamento,023.11,Folhas de pagamento,,,,,,,,,,,,,,,,,,,,,,,,,,,,,,,,,
023.1,Pagamento de vencimentos. Remunerações. Salários. Proventos,023.1,Pagamento de vencimentos. Remunerações. Salários. Proventos,,,,,,,,,,,,,,,,,,,,,,,,,,,,,,,,,
026.1,Salário família (Concessão de benefícios de seguridade e previdência social),026.1,Salário família (Concessão de benefícios de seguridade e previdência social),,,,,,,,,,,,,,,,,,,,,,,,,,,,,,,,,
023.13,Abono provisório,023.13,Abono provisório,,,,,,,,,,,,,,,,,,,,,,,,,,,,,,,,,
023.14,Abono de permanência em serviço,023.14,Abono de permanência em serviço,,,,,,,,,,,,,,,,,,,,,,,,,,,,,,,,,
023.191,Retificação de pagamento (Outras ações referentes ao pagamento de vencimentos. Remunerações. Salários. Proventos),023.191,Retificação de pagamento (Outras ações referentes ao pagamento de vencimentos. Remunerações. Salários. Proventos),,,,,,,,,,,,,,,,,,,,,,,,,,,,,,,,,
023.15,Gratificações,023.15,Gratificações,,,,,,,,,,,,,,,,,,,,,,,,,,,,,,,,,
023.151,Função (Gratificações),023.151,Função (Gratificações),,,,,,,,,,,,,,,,,,,,,,,,,,,,,,,,,
023.152,Jetons (Gratificações),023.152,Jetons (Gratificações),,,,,,,,,,,,,,,,,,,,,,,,,,,,,,,,,
023.153,Cargos em comissão (Gratificações),023.153,Cargos em comissão (Gratificações),,,,,,,,,,,,,,,,,,,,,,,,,,,,,,,,,
023.154,Natalina. Décimo terceiro salário (Gratificações),023.154,Natalina. Décimo terceiro salário (Gratificações),,,,,,,,,,,,,,,,,,,,,,,,,,,,,,,,,
023.155,Desempenho (Gratificações),023.155,Desempenho (Gratificações),,,,,,,,,,,,,,,,,,,,,,,,,,,,,,,,,
023.156,Encargo de curso e concurso (Gratificações),023.156,Encargo de curso e concurso (Gratificações),,,,,,,,,,,,,,,,,,,,,,,,,,,,,,,,,
023.157,Titulação (Gratificações),023.157,Titulação (Gratificações),,,,,,,,,,,,,,,,,,,,,,,,,,,,,,,,,
023.16,Adicionais,023.16,Adicionais,,,,,,,,,,,,,,,,,,,,,,,,,,,,,,,,,
023.161,Tempo de serviço (Adicionais),023.161,Tempo de serviço (Adicionais),,,,,,,,,,,,,,,,,,,,,,,,,,,,,,,,,
023.162,Noturno (Adicionais),023.162,Noturno (Adicionais),,,,,,,,,,,,,,,,,,,,,,,,,,,,,,,,,
023.163,Periculosidade (Adicionais),023.163,Periculosidade (Adicionais),,,,,,,,,,,,,,,,,,,,,,,,,,,,,,,,,
023.164,Insalubridade (Adicionais),023.164,Insalubridade (Adicionais),,,,,,,,,,,,,,,,,,,,,,,,,,,,,,,,,
023.165,Atividade penosa (Adicionais),023.165,Atividade penosa (Adicionais),,,,,,,,,,,,,,,,,,,,,,,,,,,,,,,,,
023.166,Serviço extraordinário. Horas extras (Adicionais),023.166,Serviço extraordinário. Horas extras (Adicionais),,,,,,,,,,,,,,,,,,,,,,,,,,,,,,,,,
023.167,Um terço de férias. Abono pecuniário (Adicionais),023.167,Um terço de férias. Abono pecuniário (Adicionais),,,,,,,,,,,,,,,,,,,,,,,,,,,,,,,,,
023.17,Descontos,023.17,Descontos,,,,,,,,,,,,,,,,,,,,,,,,,,,,,,,,,
023.171,"Contribuição sindical, assistencial e confederativa (Descontos)",023.171,"Contribuição sindical, assistencial e confederativa (Descontos)",,,,,,,,,,,,,,,,,,,,,,,,,,,,,,,,,
023.172,Contribuição para o plano de seguridade social (Descontos),023.172,Contribuição para o plano de seguridade social (Descontos),,,,,,,,,,,,,,,,,,,,,,,,,,,,,,,,,
023.173,Imposto de renda retido na fonte (IRRF) (Descontos),023.173,Imposto de renda retido na fonte (IRRF) (Descontos),,,,,,,,,,,,,,,,,,,,,,,,,,,,,,,,,
023.174,Pensão alimentícia (Descontos),023.174,Pensão alimentícia (Descontos),,,,,,,,,,,,,,,,,,,,,,,,,,,,,,,,,
023.175,Consignações facultativas (Descontos),023.175,Consignações facultativas (Descontos),,,,,,,,,,,,,,,,,,,,,,,,,,,,,,,,,
023.18,"Obrigações trabalhistas e estatutárias, encargos patronais e recolhimentos",023.18,"Obrigações trabalhistas e estatutárias, encargos patronais e recolhimentos",,,,,,,,,,,,,,,,,,,,,,,,,,,,,,,,,
023.181,Programa de formação do patrimônio do servidor público (Pasep). Programa de integração social (PIS),023.181,Programa de formação do patrimônio do servidor público (Pasep). Programa de integração social (PIS),,,,,,,,,,,,,,,,,,,,,,,,,,,,,,,,,
023.182,Fundo de garantia do tempo de serviço (FGTS),023.182,Fundo de garantia do tempo de serviço (FGTS),,,,,,,,,,,,,,,,,,,,,,,,,,,,,,,,,
023.183,"Contribuição sindical do empregador (Obrigações trabalhistas e estatutárias, encargos patronais e recolhimentos)",023.183,"Contribuição sindical do empregador (Obrigações trabalhistas e estatutárias, encargos patronais e recolhimentos)",,,,,,,,,,,,,,,,,,,,,,,,,,,,,,,,,
023.184,"Contribuição para o plano de seguridade social (Obrigações trabalhistas e estatutárias, encargos patronais e recolhimentos)",023.184,"Contribuição para o plano de seguridade social (Obrigações trabalhistas e estatutárias, encargos patronais e recolhimentos)",,,,,,,,,,,,,,,,,,,,,,,,,,,,,,,,,
026.2,Salário maternidade (Concessão de benefícios de seguridade e previdência social),026.2,Salário maternidade (Concessão de benefícios de seguridade e previdência social),,,,,,,,,,,,,,,,,,,,,,,,,,,,,,,,,
023.185,"Imposto de renda (Obrigações trabalhistas e estatutárias, encargos patronais e recolhimentos)",023.185,"Imposto de renda (Obrigações trabalhistas e estatutárias, encargos patronais e recolhimentos)",,,,,,,,,,,,,,,,,,,,,,,,,,,,,,,,,
023.2,Férias (Concessão de direitos e vantagens),023.2,Férias (Concessão de direitos e vantagens),,,,,,,,,,,,,,,,,,,,,,,,,,,,,,,,,
023.3,Licenças (Concessão de direitos e vantagens),023.3,Licenças (Concessão de direitos e vantagens),,,,,,,,,,,,,,,,,,,,,,,,,,,,,,,,,
026.4,Licenças (Concessão de benefícios de seguridade e previdência social),026.4,Licenças (Concessão de benefícios de seguridade e previdência social),,,,,,,,,,,,,,,,,,,,,,,,,,,,,,,,,
023.4,Afastamentos,023.4,Afastamentos,,,,,,,,,,,,,,,,,,,,,,,,,,,,,,,,,
023.7,Reembolso de despesas. Indenização,023.7,Reembolso de despesas. Indenização,,,,,,,,,,,,,,,,,,,,,,,,,,,,,,,,,
023.71,Mudança de domicílio (Reembolso de despesas. Indenização),023.71,Mudança de domicílio (Reembolso de despesas. Indenização),,,,,,,,,,,,,,,,,,,,,,,,,,,,,,,,,
023.72,Locomoção (Reembolso de despesas. Indenização),023.72,Locomoção (Reembolso de despesas. Indenização),,,,,,,,,,,,,,,,,,,,,,,,,,,,,,,,,
023.73,Ressarcimento de plano de saúde (Reembolso de despesas. Indenização),023.73,Ressarcimento de plano de saúde (Reembolso de despesas. Indenização),,,,,,,,,,,,,,,,,,,,,,,,,,,,,,,,,
023.91,Contratação de seguro (Outras ações referentes à concessão de direitos e vantagens),023.91,Contratação de seguro (Outras ações referentes à concessão de direitos e vantagens),,,,,,,,,,,,,,,,,,,,,,,,,,,,,,,,,
023.92,Ocupação de imóvel funcional (Outras ações referentes à concessão de direitos e vantagens),023.92,Ocupação de imóvel funcional (Outras ações referentes à concessão de direitos e vantagens),,,,,,,,,,,,,,,,,,,,,,,,,,,,,,,,,
023.93,Fornecimento de transporte (Outras ações referentes à concessão de direitos e vantagens),023.93,Fornecimento de transporte (Outras ações referentes à concessão de direitos e vantagens),,,,,,,,,,,,,,,,,,,,,,,,,,,,,,,,,
023.5,Concessões (Concessão de direitos e vantagens),023.5,Concessões (Concessão de direitos e vantagens),,,,,,,,,,,,,,,,,,,,,,,,,,,,,,,,,
023.6,Auxílios (Concessão de direitos e vantagens),023.6,Auxílios (Concessão de direitos e vantagens),,,,,,,,,,,,,,,,,,,,,,,,,,,,,,,,,
027,Apuração de responsabilidade disciplinar,027,Apuração de responsabilidade disciplinar,,,,,,,,,,,,,,,,,,,,,,,,,,,,,,,,,
027.1,Averiguação de denúncias,027.1,Averiguação de denúncias,,,,,,,,,,,,,,,,,,,,,,,,,,,,,,,,,
027.2,Aplicação de penalidades disciplinares,027.2,Aplicação de penalidades disciplinares,,,,,,,,,,,,,,,,,,,,,,,,,,,,,,,,,
026,Concessão de benefícios de seguridade e previdência social,026,Concessão de benefícios de seguridade e previdência social,,,,,,,,,,,,,,,,,,,,,,,,,,,,,,,,,
026.01,Adesão à previdência complementar (Concessão de benefícios de seguridade e previdência social),026.01,Adesão à previdência complementar (Concessão de benefícios de seguridade e previdência social),,,,,,,,,,,,,,,,,,,,,,,,,,,,,,,,,
026,Concessão de benefícios de seguridade e previdência social,026,Concessão de benefícios de seguridade e previdência social,,,,,,,,,,,,,,,,,,,,,,,,,,,,,,,,,
023.91,Contratação de seguro (Outras ações referentes à concessão de direitos e vantagens),023.91,Contratação de seguro (Outras ações referentes à concessão de direitos e vantagens),,,,,,,,,,,,,,,,,,,,,,,,,,,,,,,,,
026.3,Auxílios (Concessão de benefícios de seguridade e previdência social),026.3,Auxílios (Concessão de benefícios de seguridade e previdência social),,,,,,,,,,,,,,,,,,,,,,,,,,,,,,,,,
026.91,Auxílio reclusão (Outras ações referentes à concessão de benefícios de seguridade e previdência social),026.91,Auxílio reclusão (Outras ações referentes à concessão de benefícios de seguridade e previdência social),,,,,,,,,,,,,,,,,,,,,,,,,,,,,,,,,
026.51,Invalidez permanente (Aposentadoria),026.51,Invalidez permanente (Aposentadoria),,,,,,,,,,,,,,,,,,,,,,,,,,,,,,,,,
026.52,Compulsória (Aposentadoria),026.52,Compulsória (Aposentadoria),,,,,,,,,,,,,,,,,,,,,,,,,,,,,,,,,
026.53,Voluntária (Aposentadoria),026.53,Voluntária (Aposentadoria),,,,,,,,,,,,,,,,,,,,,,,,,,,,,,,,,
026.54,Especial (Aposentadoria),026.54,Especial (Aposentadoria),,,,,,,,,,,,,,,,,,,,,,,,,,,,,,,,,
026.02,Contagem e averbação de tempo de serviço (Concessão de benefícios de seguridade e previdência social),026.02,Contagem e averbação de tempo de serviço (Concessão de benefícios de seguridade e previdência social),,,,,,,,,,,,,,,,,,,,,,,,,,,,,,,,,
026.61,Pensão provisória. Pensão temporária,026.61,Pensão provisória. Pensão temporária,,,,,,,,,,,,,,,,,,,,,,,,,,,,,,,,,
026.62,Pensão vitalícia,026.62,Pensão vitalícia,,,,,,,,,,,,,,,,,,,,,,,,,,,,,,,,,
026.9,Outras ações referentes à concessão de benefícios de seguridade e previdência social,026.9,Outras ações referentes à concessão de benefícios de seguridade e previdência social,,,,,,,,,,,,,,,,,,,,,,,,,,,,,,,,,
023.175,Consignações facultativas,023.175,Consignações facultativas,,,,,,,,,,,,,,,,,,,,,,,,,,,,,,,,,
025.11,Celebração de convênios de planos de saúde (Assistência à saúde),025.11,Celebração de convênios de assistência à saúde (Assistência à saúde),,,,,,,,,,,,,,,,,,,,,,,,,,,,,,,,,
025.14,Prontuário médico e odontológico (Assistência à saúde),025.14,Registro de assistência à saúde em prontuário (Assistência à saúde),,,,,,,,,,,,,,,,,,,,,,,,,,,,,,,,,
023.92,Ocupação de imóvel funcional (Outras ações referentes à concessão de direitos e vantagens),023.92,Ocupação de imóvel funcional (Outras ações referentes à concessão de direitos e vantagens),,,,,,,,,,,,,,,,,,,,,,,,,,,,,,,,,
023.93,Fornecimento de transporte (Outras ações referentes à concessão de direitos e vantagens),023.93,Fornecimento de transporte (Outras ações referentes à concessão de direitos e vantagens),,,,,,,,,,,,,,,,,,,,,,,,,,,,,,,,,
025.31,Constituição da comissão interna de prevenção de acidentes (Cipa) (Segurança do trabalho. Prevenção de acidentes de trabalho),025.31,Constituição da comissão interna de prevenção de acidentes (Cipa) (Segurança do trabalho. Prevenção de acidentes de trabalho),,,,,,,,,,,,,,,,,,,,,,,,,,,,,,,,,
025.32,Registro de ocorrências de acidentes de trabalho (Segurança do trabalho. Prevenção de acidentes de trabalho),025.32,Registro de ocorrências de acidentes de trabalho (Segurança do trabalho. Prevenção de acidentes de trabalho),,,,,,,,,,,,,,,,,,,,,,,,,,,,,,,,,
025.311,Composição e atuação (Constituição da comissão interna de prevenção de acidentes),025.311,Composição e atuação (Constituição da comissão interna de prevenção de acidentes),,,,,,,,,,,,,,,,,,,,,,,,,,,,,,,,,
025.312,Operacionalização de reuniões (Constituição da comissão interna de prevenção de acidentes),025.312,Operacionalização de reuniões (Constituição da comissão interna de prevenção de acidentes),,,,,,,,,,,,,,,,,,,,,,,,,,,,,,,,,
025.32,Registro de ocorrências de acidentes de trabalho (Segurança do trabalho. Prevenção de acidentes de trabalho),025.32,Registro de ocorrências de acidentes de trabalho (Segurança do trabalho. Prevenção de acidentes de trabalho),,,,,,,,,,,,,,,,,,,,,,,,,,,,,,,,,
025.22,"Oferta de serviços de refeitório, cantinas e copas (Preservação da saúde e higiene)",025.22,"Oferta de serviços de refeitório, cantinas e copas (Preservação da saúde e higiene)",,,,,,,,,,,,,,,,,,,,,,,,,,,,,,,,,
025.14,Prontuário médico e odontológico (Assistência à saúde),025.14,Registro de assistência à saúde em prontuário (Assistência à saúde),,,,,,,,,,,,,,,,,,,,,,,,,,,,,,,,,
029,Outras ações referentes à gestão de pessoas,029,Outras ações referentes à gestão de pessoas,,,,,,,,,,,,,,,,,,,,,,,,,,,,,,,,,
029.12,Definição do horário de expediente (Controle de assiduidade e pontualidade),029.12,Definição do horário de expediente (Controle de assiduidade e pontualidade),,,,,,,,,,,,,,,,,,,,,,,,,,,,,,,,,
029.11,Controle de frequência (Controle de assiduidade e pontualidade),029.11,Controle de frequência (Controle de assiduidade e pontualidade),,,,,,,,,,,,,,,,,,,,,,,,,,,,,,,,,
028,Cumprimento de missões e viagens a serviço,028,Cumprimento de missões e viagens a serviço,,,,,,,,,,,,,,,,,,,,,,,,,,,,,,,,,
028.11,Com ônus (Cumprimento de missões e viagens a serviço),028.11,Com ônus (Cumprimento de missões e viagens a serviço),,,,,,,,,,,,,,,,,,,,,,,,,,,,,,,,,
028.12,Com ônus limitado (Cumprimento de missões e viagens a serviço),028.12,Com ônus limitado (Cumprimento de missões e viagens a serviço),,,,,,,,,,,,,,,,,,,,,,,,,,,,,,,,,
028.2,No exterior (Cumprimento de missões e viagens a serviço),028.2,No exterior (Cumprimento de missões e viagens a serviço),,,,,,,,,,,,,,,,,,,,,,,,,,,,,,,,,
028.23,Sem ônus (Cumprimento de missões e viagens a serviço),028.23,Sem ônus (Cumprimento de missões e viagens a serviço),,,,,,,,,,,,,,,,,,,,,,,,,,,,,,,,,
028.21,Com ônus (Cumprimento de missões e viagens a serviço),028.21,Com ônus (Cumprimento de missões e viagens a serviço),,,,,,,,,,,,,,,,,,,,,,,,,,,,,,,,,
028.22,Com ônus limitado (Cumprimento de missões e viagens a serviço),028.22,Com ônus limitado (Cumprimento de missões e viagens a serviço),,,,,,,,,,,,,,,,,,,,,,,,,,,,,,,,,
029.3,Incentivos funcionais,029.3,Incentivos funcionais,,,,,,,,,,,,,,,,,,,,,,,,,,,,,,,,,
029.3,Incentivos funcionais,029.3,Incentivos funcionais,,,,,,,,,,,,,,,,,,,,,,,,,,,,,,,,,
029.4,Delegação de competência e procuração,029.4,Delegação de competência e procuração,,,,,,,,,,,,,,,,,,,,,,,,,,,,,,,,,
029.5,Contratação de serviços profissionais transitórios,018.2,Contratação de pessoa física (Organização e Funcionamento),,,,,,,,,,,,,,,,,,,,,,,,,,,,,,,,,
004.21,Representação judicial (Atuação em contencioso),004.21,Representação judicial (Atuação em contencioso),,,,,,,,,,,,,,,,,,,,,,,,,,,,,,,,,
004.22,Representação extrajudicial (Atuação em contencioso),004.22,Representação extrajudicial (Atuação em contencioso),,,,,,,,,,,,,,,,,,,,,,,,,,,,,,,,,
020.032,Movimentos reivindicatórios. Greves. Paralisações,020.032,Movimentos reivindicatórios. Greves. Paralisações,,,,,,,,,,,,,,,,,,,,,,,,,,,,,,,,,
030,Gestão de materiais,030,Gestão de materiais,,,,,,,,,,,,,,,,,,,,,,,,,,,,,,,,,
030.01,Normatização. Regulamentação,030.01,Normatização. Regulamentação,,,,,,,,,,,,,,,,,,,,,,,,,,,,,,,,,
030.02,Cadastramento de fornecedores e de prestadores de serviços,030.02,Cadastramento de fornecedores e de prestadores de serviços,,,,,,,,,,,,,,,,,,,,,,,,,,,,,,,,,
030.03,"Especificação, padronização, codificação, previsão, identificação e classificação",030.03,"Especificação, padronização, codificação, previsão, identificação e classificação",,,,,,,,,,,,,,,,,,,,,,,,,,,,,,,,,
069.2,Fornecimento de cópias de documentos,069.2,Fornecimento de cópias de documentos,,,,,,,,,,,,,,,,,,,,,,,,,,,,,,,,,
031,Aquisição e incorporação,031,Aquisição e incorporação,,,,,,,,,,,,,,,,,,,,,,,,,,,,,,,,,
031.11,Material permanente (Compra / Aquisição e incorporação),031.11,Material permanente (Compra / Aquisição e incorporação),,,,,,,,,,,,,,,,,,,,,,,,,,,,,,,,,
031.1,Compra (Aquisição e incorporação),031.1,Compra (Aquisição e incorporação),,,,,,,,,,,,,,,,,,,,,,,,,,,,,,,,,
031.41,"Material permanente (Cessão, comodato e empréstimo / Aquisição e incorporação)",031.41,"Material permanente (Cessão, comodato e empréstimo / Aquisição e incorporação)",,,,,,,,,,,,,,,,,,,,,,,,,,,,,,,,,
031.5,Locação. Arrendamento mercantil (leasing) (Aquisição e incorporação),031.5,Locação. Arrendamento mercantil (leasing) (Aquisição e incorporação),,,,,,,,,,,,,,,,,,,,,,,,,,,,,,,,,
031.21,Material permanente (Doação e permuta / Aquisição e incorporação),031.21,Material permanente (Doação e permuta / Aquisição e incorporação),,,,,,,,,,,,,,,,,,,,,,,,,,,,,,,,,
031.12,Material de consumo (Compra / Aquisição e incorporação),031.12,Material de consumo (Compra / Aquisição e incorporação),,,,,,,,,,,,,,,,,,,,,,,,,,,,,,,,,
031.22,Material de consumo (Doação e permuta / Aquisição e incorporação),031.22,Material de consumo (Doação e permuta / Aquisição e incorporação),,,,,,,,,,,,,,,,,,,,,,,,,,,,,,,,,
031.42,"Material de consumo (Cessão, comodato e empréstimo / Aquisição e incorporação)",031.42,"Material de consumo (Cessão, comodato e empréstimo / Aquisição e incorporação)",,,,,,,,,,,,,,,,,,,,,,,,,,,,,,,,,
034,Contratação de prestação de serviços,018.1,Contratação de pessoa jurídica (Organização e Funcionamento),,,,,,,,,,,,,,,,,,,,,,,,,,,,,,,,,
032,Movimentação de material,032,Movimentação de material,,,,,,,,,,,,,,,,,,,,,,,,,,,,,,,,,
032.01,Termo de responsabilidade. Cautela (Movimentação de material),032.01,Termo de responsabilidade. Cautela (Movimentação de material),,,,,,,,,,,,,,,,,,,,,,,,,,,,,,,,,
032.1,Controle de estoque (Movimentação de material),032.1,Controle de estoque (Movimentação de material),,,,,,,,,,,,,,,,,,,,,,,,,,,,,,,,,
033.6,"Extravio, roubo, desaparecimento, furto e avaria (Alienação e baixa)",033.6,"Extravio, roubo, desaparecimento, furto e avaria (Alienação e baixa)",,,,,,,,,,,,,,,,,,,,,,,,,,,,,,,,,
032.2,Autorização de entrada e saída de material (Movimentação de material),032.2,Autorização de entrada e saída de material (Movimentação de material),,,,,,,,,,,,,,,,,,,,,,,,,,,,,,,,,
032.3,Recolhimento de material ao depósito (Movimentação de material),032.3,Recolhimento de material ao depósito (Movimentação de material),,,,,,,,,,,,,,,,,,,,,,,,,,,,,,,,,
033,Alienação e baixa,033,Alienação e baixa,,,,,,,,,,,,,,,,,,,,,,,,,,,,,,,,,
033.11,Material permanente (Alienação e baixa),033.11,Material permanente (Alienação e baixa),,,,,,,,,,,,,,,,,,,,,,,,,,,,,,,,,
033.12,Material de consumo (Alienação e baixa),033.12,Material de consumo (Alienação e baixa),,,,,,,,,,,,,,,,,,,,,,,,,,,,,,,,,
033.21,Material permanente (Doação e permuta / Alienação e baixa),033.21,Material permanente (Doação e permuta / Alienação e baixa),,,,,,,,,,,,,,,,,,,,,,,,,,,,,,,,,
033.22,Material de consumo (Doação e permuta / Alienação e baixa),033.22,Material de consumo (Doação e permuta / Alienação e baixa),,,,,,,,,,,,,,,,,,,,,,,,,,,,,,,,,
033.51,"Material permanente (Cessão, comodato e empréstimo / Alienação e baixa)",033.51,"Material permanente (Cessão, comodato e empréstimo / Alienação e baixa)",,,,,,,,,,,,,,,,,,,,,,,,,,,,,,,,,
033.52,"Material de consumo (Cessão, comodato e empréstimo / Alienação e baixa)",033.52,"Material de consumo (Cessão, comodato e empréstimo / Alienação e baixa)",,,,,,,,,,,,,,,,,,,,,,,,,,,,,,,,,
035,Execução de serviços de instalação e manutenção,035,Execução de serviços de instalação e manutenção,,,,,,,,,,,,,,,,,,,,,,,,,,,,,,,,,
036,Controle de materiais,036,Controle de materiais,,,,,,,,,,,,,,,,,,,,,,,,,,,,,,,,,
036.1,Inventário de material permanente (Controle de materiais),036.1,Inventário de material permanente (Controle de materiais),,,,,,,,,,,,,,,,,,,,,,,,,,,,,,,,,
036.2,Inventário de material de consumo (Controle de materiais),036.2,Inventário de material de consumo (Controle de materiais),,,,,,,,,,,,,,,,,,,,,,,,,,,,,,,,,
039,Outras ações referentes à gestão de material,039,Outras ações referentes à gestão de material,,,,,,,,,,,,,,,,,,,,,,,,,,,,,,,,,
039.2,Empréstimo e devolução de material permanente (Outras ações referentes à gestão de materiais),039.2,Empréstimo e devolução de material permanente (Outras ações referentes à gestão de materiais),,,,,,,,,,,,,,,,,,,,,,,,,,,,,,,,,
040,Gestão de bens patrimoniais e de serviços,040,Gestão de bens patrimoniais e de serviços,,,,,,,,,,,,,,,,,,,,,,,,,,,,,,,,,
040.01,Normatização. Regulamentação,040.01,Normatização. Regulamentação,,,,,,,,,,,,,,,,,,,,,,,,,,,,,,,,,
043.1,Registro dos imóveis (Administração condominial),043.1,Registro dos imóveis (Administração condominial),,,,,,,,,,,,,,,,,,,,,,,,,,,,,,,,,
045.1,Fornecimento de serviços públicos essenciais (Contratação de prestação de serviços),045.1,Fornecimento de serviços públicos essenciais (Contratação de prestação de serviços),,,,,,,,,,,,,,,,,,,,,,,,,,,,,,,,,
045.11,Água e esgotamento sanitário (Fornecimento de serviços públicos essenciais),045.11,Água e esgotamento sanitário (Fornecimento de serviços públicos essenciais),,,,,,,,,,,,,,,,,,,,,,,,,,,,,,,,,
045.12,Gás (Fornecimento de serviços públicos essenciais),045.12,Gás (Fornecimento de serviços públicos essenciais),,,,,,,,,,,,,,,,,,,,,,,,,,,,,,,,,
045.13,Energia elétrica (Fornecimento de serviços públicos essenciais),045.13,Energia elétrica (Fornecimento de serviços públicos essenciais),,,,,,,,,,,,,,,,,,,,,,,,,,,,,,,,,
049.1,Racionalização do uso de bens e serviços,049.1,Racionalização do uso de bens e serviços,,,,,,,,,,,,,,,,,,,,,,,,,,,,,,,,,
005.2,Operacionalização de reuniões (Participação em órgãos colegiados),005.2,Operacionalização de reuniões (Participação em órgãos colegiados),,,,,,,,,,,,,,,,,,,,,,,,,,,,,,,,,
043.2,Serviços de condomínio (Administração condominial),043.2,Serviços de condomínio (Administração condominial),,,,,,,,,,,,,,,,,,,,,,,,,,,,,,,,,
041,Aquisição e incorporação,041,Aquisição e incorporação,,,,,,,,,,,,,,,,,,,,,,,,,,,,,,,,,
041.11,Bens imóveis (Compra / Aquisição e incorporação),041.11,Bens imóveis (Compra / Aquisição e incorporação),,,,,,,,,,,,,,,,,,,,,,,,,,,,,,,,,
041.51,Bens imóveis (Cessão e comodato / Aquisição e incorporação),041.51,Bens imóveis (Cessão e comodato / Aquisição e incorporação),,,,,,,,,,,,,,,,,,,,,,,,,,,,,,,,,
041.21,Bens imóveis (Doação e permuta / Aquisição e incorporação),041.21,Bens imóveis (Doação e permuta / Aquisição e incorporação),,,,,,,,,,,,,,,,,,,,,,,,,,,,,,,,,
041.61,"Bens imóveis (Locação, arrendamento mercantil (leasing). Sublocação / Aquisição e incorporação)",041.61,"Bens imóveis (Locação, arrendamento mercantil (leasing). Sublocação / Aquisição e incorporação)",,,,,,,,,,,,,,,,,,,,,,,,,,,,,,,,,
042.6,Bens imóveis (Locação. Arrendamento. Sublocação / Alienação),042.6,Bens imóveis (Locação. Arrendamento. Sublocação / Alienação),,,,,,,,,,,,,,,,,,,,,,,,,,,,,,,,,
042,Alienação,042,Alienação,,,,,,,,,,,,,,,,,,,,,,,,,,,,,,,,,
042.11,Bens imóveis (Venda / Alienação),042.11,Bens imóveis (Venda / Alienação),,,,,,,,,,,,,,,,,,,,,,,,,,,,,,,,,
042.51,Bens imóveis (Cessão e comodato / Alienação),042.51,Bens imóveis (Cessão e comodato / Alienação),,,,,,,,,,,,,,,,,,,,,,,,,,,,,,,,,
042.21,Bens imóveis (Doação e permuta / Alienação),042.21,Bens imóveis (Doação e permuta / Alienação),,,,,,,,,,,,,,,,,,,,,,,,,,,,,,,,,
042.4,Desapropriação e desmembramento (Alienação),042.4,Desapropriação e desmembramento (Alienação),,,,,,,,,,,,,,,,,,,,,,,,,,,,,,,,,
043.3,Reintegração de posse. Reivindicação de domínio. Despejo de permissionário (Administração condominial),043.3,Reintegração de posse. Reivindicação de domínio. Despejo de permissionário (Administração condominial),,,,,,,,,,,,,,,,,,,,,,,,,,,,,,,,,
043.4,Tombamento (Administração condominial),043.4,Tombamento (Administração condominial),,,,,,,,,,,,,,,,,,,,,,,,,,,,,,,,,
045.3,Execução de obras (Contratação e prestação de serviços),045.3,Execução de obras (Contratação e prestação de serviços),,,,,,,,,,,,,,,,,,,,,,,,,,,,,,,,,
045.32,Reforma. Recuperação. Restauração (Execução de obras / Contratação de prestação de serviços),045.32,Reforma. Recuperação. Restauração (Execução de obras / Contratação de prestação de serviços),,,,,,,,,,,,,,,,,,,,,,,,,,,,,,,,,
045.31,Construção (Execução de obras / Contratação de prestação de serviços),045.31,Construção (Execução de obras / Contratação de prestação de serviços),,,,,,,,,,,,,,,,,,,,,,,,,,,,,,,,,
045.2,Manutenção e reparo das instalações (Contratação de prestação de serviços),018.1,Contratação de pessoa jurídica (Organização e Funcionamento),,,,,,,,,,,,,,,,,,,,,,,,,,,,,,,,,
045.21,Elevadores (Manutenção e reparo das instalações),018.1,Contratação de pessoa jurídica (Organização e Funcionamento),,,,,,,,,,,,,,,,,,,,,,,,,,,,,,,,,
045.22,Sistemas centrais de ar-condicionado (Manutenção e reparo das instalações),018.1,Contratação de pessoa jurídica (Organização e Funcionamento),,,,,,,,,,,,,,,,,,,,,,,,,,,,,,,,,
045.23,Subestações elétricas e geradores (Manutenção e reparo das instalações),018.1,Contratação de pessoa jurídica (Organização e Funcionamento),,,,,,,,,,,,,,,,,,,,,,,,,,,,,,,,,
045.24,Conservação predial (Manutenção e reparo das instalações),018.1,Contratação de pessoa jurídica (Organização e Funcionamento),,,,,,,,,,,,,,,,,,,,,,,,,,,,,,,,,
041.1,Compra (Aquisição e incorporação),041.1,Compra (Aquisição e incorporação),,,,,,,,,,,,,,,,,,,,,,,,,,,,,,,,,
041.12,Veículos (Compra / Aquisição e incorporação),041.12,Veículos (Compra / Aquisição e incorporação),,,,,,,,,,,,,,,,,,,,,,,,,,,,,,,,,
041.62,Veículos (Locação. Arrendamento mercantil (leasing). Sublocação / Aquisição e incorporação),041.62,Veículos (Locação. Arrendamento mercantil (leasing). Sublocação / Aquisição e incorporação),,,,,,,,,,,,,,,,,,,,,,,,,,,,,,,,,
041.22,Veículos (Doação e permuta / Aquisição e incorporação),041.22,Veículos (Doação e permuta / Aquisição e incorporação),,,,,,,,,,,,,,,,,,,,,,,,,,,,,,,,,
041.52,Veículos (Cessão e comodato / Aquisição e incorporação),041.52,Veículos (Cessão e comodato / Aquisição e incorporação),,,,,,,,,,,,,,,,,,,,,,,,,,,,,,,,,
044.1,"Cadastramento, licenciamento e emplacamento (Administração da frota de veículos)",044.1,"Cadastramento, licenciamento e emplacamento (Administração da frota de veículos)",,,,,,,,,,,,,,,,,,,,,,,,,,,,,,,,,
044.2,Tombamento (Administração da frota de veículos),044.2,Tombamento (Administração da frota de veículos),,,,,,,,,,,,,,,,,,,,,,,,,,,,,,,,,
042,Alienação,042,Alienação,,,,,,,,,,,,,,,,,,,,,,,,,,,,,,,,,
042.12,Veículos (Venda / Alienação),042.12,Veículos (Venda / Alienação),,,,,,,,,,,,,,,,,,,,,,,,,,,,,,,,,
042.22,Veículos (Doação e permuta / Alienação),042.22,Veículos (Doação e permuta / Alienação),,,,,,,,,,,,,,,,,,,,,,,,,,,,,,,,,
042.52,Veículos (Cessão e comodato / Alienação),042.52,Veículos (Cessão e comodato / Alienação),,,,,,,,,,,,,,,,,,,,,,,,,,,,,,,,,
045.5,Abastecimento e manutenção de veículos (Contratação de prestação de serviços),018.1,Contratação de pessoa jurídica (Organização e Funcionamento),,,,,,,,,,,,,,,,,,,,,,,,,,,,,,,,,
044.3,Ocorrência de sinistros (Administração da frota de veículos),044.3,Ocorrência de sinistros (Administração da frota de veículos),,,,,,,,,,,,,,,,,,,,,,,,,,,,,,,,,
044.6,Notificações de infrações e multas (Administração da frota de veículos),044.6,Notificações de infrações e multas (Administração da frota de veículos),,,,,,,,,,,,,,,,,,,,,,,,,,,,,,,,,
044.4,Controle de uso (Administração da frota de veículos),044.4,Controle de uso (Administração da frota de veículos),,,,,,,,,,,,,,,,,,,,,,,,,,,,,,,,,
044.5,Estacionamento. Garagem (Administração da frota de veículos),044.5,Estacionamento. Garagem (Administração da frota de veículos),,,,,,,,,,,,,,,,,,,,,,,,,,,,,,,,,
041.13,Bens semoventes (Compra / Aquisição e incorporação),041.13,Bens semoventes (Compra / Aquisição e incorporação),,,,,,,,,,,,,,,,,,,,,,,,,,,,,,,,,
041.23,Bens semoventes (Doação e permuta / Aquisição e incorporação),041.23,Bens semoventes (Doação e permuta / Aquisição e incorporação),,,,,,,,,,,,,,,,,,,,,,,,,,,,,,,,,
041.4,Procriação (Aquisição e incorporação),041.4,Procriação (Aquisição e incorporação),,,,,,,,,,,,,,,,,,,,,,,,,,,,,,,,,
041.53,Bens semoventes (Cessão e comodato / Aquisição e incorporação),041.53,Bens semoventes (Cessão e comodato / Aquisição e incorporação),,,,,,,,,,,,,,,,,,,,,,,,,,,,,,,,,
042.13,Bens semoventes (Venda / Alienação),042.13,Bens semoventes (Venda / Alienação),,,,,,,,,,,,,,,,,,,,,,,,,,,,,,,,,
042.23,Bens semoventes (Doação e permuta / Alienação),042.23,Bens semoventes (Doação e permuta / Alienação),,,,,,,,,,,,,,,,,,,,,,,,,,,,,,,,,
042.53,Bens semoventes (Cessão e comodato / Alienação),042.53,Bens semoventes (Cessão e comodato / Alienação),,,,,,,,,,,,,,,,,,,,,,,,,,,,,,,,,
042.72,Bens semoventes (Baixa. Desfazimento / Alienação),042.72,Bens semoventes (Baixa. Desfazimento / Alienação),,,,,,,,,,,,,,,,,,,,,,,,,,,,,,,,,
045.6,Assistência veterinária (Contratação de prestação de serviços),018.1,Contratação de pessoa jurídica (Organização e Funcionamento),,,,,,,,,,,,,,,,,,,,,,,,,,,,,,,,,
045.7,Adestramento (Contratação de prestação de serviços),018.1,Contratação de pessoa jurídica (Organização e Funcionamento),,,,,,,,,,,,,,,,,,,,,,,,,,,,,,,,,
047.01,Comissão de inventário (Controle de bens patrimoniais),047.01,Comissão de inventário (Controle de bens patrimoniais),,,,,,,,,,,,,,,,,,,,,,,,,,,,,,,,,
047.1,Inventário de bens imóveis (Controle de bens patrimoniais),047.1,Inventário de bens imóveis (Controle de bens patrimoniais),,,,,,,,,,,,,,,,,,,,,,,,,,,,,,,,,
047.2,Inventário de veículos (Controle de bens patrimoniais),047.2,Inventário de veículos (Controle de bens patrimoniais),,,,,,,,,,,,,,,,,,,,,,,,,,,,,,,,,
047.3,Inventário de bens semoventes (Controle de bens patrimoniais),047.3,Inventário de bens semoventes (Controle de bens patrimoniais),,,,,,,,,,,,,,,,,,,,,,,,,,,,,,,,,
049,Outras ações referentes à gestão de bens patrimoniais e de serviços,049,Outras ações referentes à gestão de bens patrimoniais e de serviços,,,,,,,,,,,,,,,,,,,,,,,,,,,,,,,,,
045.4,Vigilância patrimonial (Contratação de prestação de serviços),018.1,Contratação de pessoa jurídica (Organização e Funcionamento),,,,,,,,,,,,,,,,,,,,,,,,,,,,,,,,,
046.2,"Monitoramento. Vigilância (Proteção, guarda e segurança patrimonial)",046.2,"Monitoramento. Vigilância (Proteção, guarda e segurança patrimonial)",,,,,,,,,,,,,,,,,,,,,,,,,,,,,,,,,
046.2,"Monitoramento. Vigilância (Proteção, guarda e segurança patrimonial)",046.2,"Monitoramento. Vigilância (Proteção, guarda e segurança patrimonial)",,,,,,,,,,,,,,,,,,,,,,,,,,,,,,,,,
045.01,Seguro patrimonial (Contratação de prestação de serviços),018.1,Contratação de pessoa jurídica (Organização e Funcionamento),,,,,,,,,,,,,,,,,,,,,,,,,,,,,,,,,
046.11,"Planejamento, elaboração e acompanhamento de projetos (Prevenção de incêndio / Proteção, guarda e segurança patrimonial)",046.11,"Planejamento, elaboração e acompanhamento de projetos (Prevenção de incêndio / Proteção, guarda e segurança patrimonial)",,,,,,,,,,,,,,,,,,,,,,,,,,,,,,,,,
046.12,"Constituição de brigada voluntária (Prevenção de incêndio / Proteção, guarda e segurança patrimonial)",046.12,"Constituição de brigada voluntária (Prevenção de incêndio / Proteção, guarda e segurança patrimonial)",,,,,,,,,,,,,,,,,,,,,,,,,,,,,,,,,
046.13,"Instalação e manutenção de equipamentos de combate a incêndio (Prevenção de incêndio / Proteção, guarda e segurança patrimonial)",046.13,"Instalação e manutenção de equipamentos de combate a incêndio (Prevenção de incêndio / Proteção, guarda e segurança patrimonial)",,,,,,,,,,,,,,,,,,,,,,,,,,,,,,,,,
046.3,"Ocorrência de sinistros (Proteção, guarda e segurança patrimonial)",046.3,"Ocorrência de sinistros (Proteção, guarda e segurança patrimonial)",,,,,,,,,,,,,,,,,,,,,,,,,,,,,,,,,
046.4,"Controle de portaria (Proteção, guarda e segurança patrimonial)",046.4,"Controle de portaria (Proteção, guarda e segurança patrimonial)",,,,,,,,,,,,,,,,,,,,,,,,,,,,,,,,,
043.6,Mudança (Administração condominial),043.6,Mudança (Administração condominial),,,,,,,,,,,,,,,,,,,,,,,,,,,,,,,,,
043.61,Para outros imóveis (Mudança / Administração condominial),043.61,Para outros imóveis (Mudança / Administração condominial),,,,,,,,,,,,,,,,,,,,,,,,,,,,,,,,,
043.62,Dentro do mesmo imóvel (Mudança / Administração condominial),043.62,Dentro do mesmo imóvel (Mudança / Administração condominial),,,,,,,,,,,,,,,,,,,,,,,,,,,,,,,,,
043.7,Uso de dependências (Administração condominial),043.7,Uso de dependências (Administração condominial),,,,,,,,,,,,,,,,,,,,,,,,,,,,,,,,,
050,Gestão orçamentária e financeira,050,Gestão orçamentária e financeira,,,,,,,,,,,,,,,,,,,,,,,,,,,,,,,,,
054.1,Prestação de contas. Tomada de contas (Controle externo. Auditoria externa),054.1,Prestação de contas. Tomada de contas (Controle externo. Auditoria externa),,,,,,,,,,,,,,,,,,,,,,,,,,,,,,,,,
054.2,Tomada de contas especial (Controle externo. Auditoria externa),054.2,Tomada de contas especial (Controle externo. Auditoria externa),,,,,,,,,,,,,,,,,,,,,,,,,,,,,,,,,
051,Gestão orçamentária,051,Gestão orçamentária,,,,,,,,,,,,,,,,,,,,,,,,,,,,,,,,,
051.1,Programação orçamentária (Gestão orçamentária),051.1,Programação orçamentária (Gestão orçamentária),,,,,,,,,,,,,,,,,,,,,,,,,,,,,,,,,
051.2,Detalhamento de despesa (Gestão orçamentária),051.2,Detalhamento de despesa (Gestão orçamentária),,,,,,,,,,,,,,,,,,,,,,,,,,,,,,,,,
051.4,Retificação orçamentária. Créditos adicionais (Gestão orçamentária),051.4,Retificação orçamentária. Créditos adicionais (Gestão orçamentária),,,,,,,,,,,,,,,,,,,,,,,,,,,,,,,,,
051.3,Execução orçamentária (Gestão orçamentária),051.3,Execução orçamentária (Gestão orçamentária),,,,,,,,,,,,,,,,,,,,,,,,,,,,,,,,,
052,Gestão financeira,052,Gestão financeira,,,,,,,,,,,,,,,,,,,,,,,,,,,,,,,,,
052.1,Programação financeira (Gestão financeira),052.1,Programação financeira (Gestão financeira),,,,,,,,,,,,,,,,,,,,,,,,,,,,,,,,,
052.2,Execução financeira (Gestão financeira),052.2,Execução financeira (Gestão financeira),,,,,,,,,,,,,,,,,,,,,,,,,,,,,,,,,
052.211,Receita corrente (Receita / Execução financeira),052.211,Receita corrente (Receita / Execução financeira),,,,,,,,,,,,,,,,,,,,,,,,,,,,,,,,,
052.212,Receita de capital (Receita / Execução financeira),052.212,Receita de capital (Receita / Execução financeira),,,,,,,,,,,,,,,,,,,,,,,,,,,,,,,,,
052.213,Ingresso extraorçamentário (Receita / Execução financeira),052.213,Ingresso extraorçamentário (Receita / Execução financeira),,,,,,,,,,,,,,,,,,,,,,,,,,,,,,,,,
052.221,Despesa corrente (Despesa / Execução financeira),052.221,Despesa corrente (Despesa / Execução financeira),,,,,,,,,,,,,,,,,,,,,,,,,,,,,,,,,
052.222,Despesa de capital (Despesa / Execução financeira),052.222,Despesa de capital (Despesa / Execução financeira),,,,,,,,,,,,,,,,,,,,,,,,,,,,,,,,,
052.24,Gestão de fundos especiais (Execução financeira),052.24,Gestão de fundos especiais (Execução financeira),,,,,,,,,,,,,,,,,,,,,,,,,,,,,,,,,
052.251,"Financeiros (Concessão de benefícios, estímulos e incentivos / Execução financeira)",052.251,"Financeiros (Concessão de benefícios, estímulos e incentivos / Execução financeira)",,,,,,,,,,,,,,,,,,,,,,,,,,,,,,,,,
052.252,"Creditícios (Concessão de benefícios, estímulos e incentivos / Execução financeira)",052.252,"Creditícios (Concessão de benefícios, estímulos e incentivos / Execução financeira)",,,,,,,,,,,,,,,,,,,,,,,,,,,,,,,,,
053,Operação bancária,053,Operação bancária,,,,,,,,,,,,,,,,,,,,,,,,,,,,,,,,,
053.1,Pagamento em moeda estrangeira (Operação bancária),053.1,Pagamento em moeda estrangeira (Operação bancária),,,,,,,,,,,,,,,,,,,,,,,,,,,,,,,,,
053.2,Gestão da conta única (Operação bancária),053.2,Gestão da conta única (Operação bancária),,,,,,,,,,,,,,,,,,,,,,,,,,,,,,,,,
053.3,"Gestão das contas correntes bancárias: tipo A, B, C, D e E (Operação bancária)",053.3,"Gestão das contas correntes bancárias: tipo A, B, C, D e E (Operação bancária)",,,,,,,,,,,,,,,,,,,,,,,,,,,,,,,,,
052.23,Demonstração contábil (Execução financeira),052.23,Demonstração contábil (Execução financeira),,,,,,,,,,,,,,,,,,,,,,,,,,,,,,,,,
054.1,Prestação de contas. Tomada de contas (Controle externo. Auditoria externa),054.1,Prestação de contas. Tomada de contas (Controle externo. Auditoria externa),,,,,,,,,,,,,,,,,,,,,,,,,,,,,,,,,
054.2,Tomada de contas especial (Controle externo. Auditoria externa),054.2,Tomada de contas especial (Controle externo. Auditoria externa),,,,,,,,,,,,,,,,,,,,,,,,,,,,,,,,,
059,Outras ações referentes à gestão orçamentária e financeira,059,Outras ações referentes à gestão orçamentária e financeira,,,,,,,,,,,,,,,,,,,,,,,,,,,,,,,,,
059.1,Compra e subscrição de ações,059.1,Compra e subscrição de ações,,,,,,,,,,,,,,,,,,,,,,,,,,,,,,,,,
059.3,Fixação de custos de serviços,059.3,Fixação de custos de serviços,,,,,,,,,,,,,,,,,,,,,,,,,,,,,,,,,
059.4,Devolução ao erário,059.4,Devolução ao erário,,,,,,,,,,,,,,,,,,,,,,,,,,,,,,,,,
059.5,Restituição de rendas arrecadadas,059.5,Restituição de rendas arrecadadas,,,,,,,,,,,,,,,,,,,,,,,,,,,,,,,,,
059.2,"Recolhimento de tributos, impostos e taxas",059.2,"Recolhimento de impostos, taxas e demais tributos",,,,,,,,,,,,,,,,,,,,,,,,,,,,,,,,,
060,Gestão da documentação e da informação,060,Gestão da documentação e da informação,,,,,,,,,,,,,,,,,,,,,,,,,,,,,,,,,
069.3,Publicação de matérias (Outras ações referentes à gestão da documentação e da informação),069.3,Publicação de matérias (Outras ações referentes à gestão da documentação e da informação),,,,,,,,,,,,,,,,,,,,,,,,,,,,,,,,,
069.3,Publicação de matérias (Outras ações referentes à gestão da documentação e da informação),069.3,Publicação de matérias (Outras ações referentes à gestão da documentação e da informação),,,,,,,,,,,,,,,,,,,,,,,,,,,,,,,,,
065.1,Edição. Coedição (Produção editorial),065.1,Edição. Coedição (Produção editorial),,,,,,,,,,,,,,,,,,,,,,,,,,,,,,,,,
065.2,Editoração e programação visual (Produção editorial),065.2,Editoração e programação visual (Produção editorial),,,,,,,,,,,,,,,,,,,,,,,,,,,,,,,,,
065.3,"Promoção, divulgação e distribuição (Produção editorial)",065.3,"Promoção, divulgação e distribuição (Produção editorial)",,,,,,,,,,,,,,,,,,,,,,,,,,,,,,,,,
062,Gestão de acervos bibliográfico e museológico,062,Gestão de acervos bibliográfico e museológico,,,,,,,,,,,,,,,,,,,,,,,,,,,,,,,,,
060.01,Normatização. Regulamentação (Gestão da documentação e da informação),060.01,Normatização. Regulamentação (Gestão da documentação e da informação),,,,,,,,,,,,,,,,,,,,,,,,,,,,,,,,,
062.1,Aquisição e incorporação,062.1,Aquisição e incorporação,,,,,,,,,,,,,,,,,,,,,,,,,,,,,,,,,
062.11,Compra (Aquisição e incorporação / Gestão de acervos bibliográfico e museológico),062.11,Compra (Aquisição e incorporação / Gestão de acervos bibliográfico e museológico),,,,,,,,,,,,,,,,,,,,,,,,,,,,,,,,,
062.12,Doação (Aquisição e incorporação / Gestão de acervos bibliográfico e museológico),062.12,Doação (Aquisição e incorporação / Gestão de acervos bibliográfico e museológico),,,,,,,,,,,,,,,,,,,,,,,,,,,,,,,,,
062.13,Permuta (Aquisição e incorporação / Gestão de acervos bibliográfico e museológico),062.13,Permuta (Aquisição e incorporação / Gestão de acervos bibliográfico e museológico),,,,,,,,,,,,,,,,,,,,,,,,,,,,,,,,,
062.21,Registro (Processamento técnico / Gestão de acervos bibliográfico e museológico),062.21,Registro (Processamento técnico / Gestão de acervos bibliográfico e museológico),,,,,,,,,,,,,,,,,,,,,,,,,,,,,,,,,
062.22,"Catalogação, classificação e indexação (Processamento técnico / Gestão de acervos bibliográfico e museológico)",062.22,"Catalogação, classificação e indexação (Processamento técnico / Gestão de acervos bibliográfico e museológico)",,,,,,,,,,,,,,,,,,,,,,,,,,,,,,,,,
063.1,Consultas (Controle de acesso e de movimentação de acervos),063.1,Consultas (Controle de acesso e de movimentação de acervos),,,,,,,,,,,,,,,,,,,,,,,,,,,,,,,,,
063.2,Empréstimos (Controle de acesso e de movimentação de acervos),063.2,Empréstimos (Controle de acesso e de movimentação de acervos),,,,,,,,,,,,,,,,,,,,,,,,,,,,,,,,,
062.3,Inventário (Gestão de acervos bibliográfico e museológico),062.3,Inventário (Gestão de acervos bibliográfico e museológico),,,,,,,,,,,,,,,,,,,,,,,,,,,,,,,,,
061,Gestão de documentos de arquivo,061,Gestão de documentos de arquivo,,,,,,,,,,,,,,,,,,,,,,,,,,,,,,,,,
060.01,Normatização. Regulamentação (Gestão da documentação e da informação,060.01,Normatização. Regulamentação (Gestão da documentação e da informação,,,,,,,,,,,,,,,,,,,,,,,,,,,,,,,,,
061.3,Levantamento da produção e do fluxo documental (Gestão de documentos de arquivo),061.3,Levantamento da produção e do fluxo documental (Gestão de documentos de arquivo),,,,,,,,,,,,,,,,,,,,,,,,,,,,,,,,,
061.1,Adoção e controle dos procedimentos de protocolo (Gestão de documentos de arquivo),061.1,Adoção e controle dos procedimentos de protocolo (Gestão de documentos de arquivo),,,,,,,,,,,,,,,,,,,,,,,,,,,,,,,,,
061.4,Elaboração dos instrumentos técnicos de gestão de documentos,061.4,Elaboração dos instrumentos técnicos de gestão de documentos,,,,,,,,,,,,,,,,,,,,,,,,,,,,,,,,,
061.51,Classificação (Aplicação dos instrumentos técnicos de gestão de documentos),061.51,Classificação (Aplicação dos instrumentos técnicos de gestão de documentos),,,,,,,,,,,,,,,,,,,,,,,,,,,,,,,,,
061.52,Avaliação (Aplicação dos instrumentos técnicos de gestão de documentos),061.52,Avaliação (Aplicação dos instrumentos técnicos de gestão de documentos),,,,,,,,,,,,,,,,,,,,,,,,,,,,,,,,,
061.521,Eliminação (Avaliação / Aplicação dos instrumentos técnicos de gestão de documentos),061.521,Eliminação (Avaliação / Aplicação dos instrumentos técnicos de gestão de documentos),,,,,,,,,,,,,,,,,,,,,,,,,,,,,,,,,
061.522,Transferência (Avaliação / Aplicação dos instrumentos técnicos de gestão de documentos),061.522,Transferência (Avaliação / Aplicação dos instrumentos técnicos de gestão de documentos),,,,,,,,,,,,,,,,,,,,,,,,,,,,,,,,,
061.523,Recolhimento (Avaliação / Aplicação dos instrumentos técnicos de gestão de documentos),061.523,Recolhimento (Avaliação / Aplicação dos instrumentos técnicos de gestão de documentos),,,,,,,,,,,,,,,,,,,,,,,,,,,,,,,,,
062.12,Doação (Aquisição e incorporação / Gestão de acervos bibliográfico e museológico),062.12,Doação (Aquisição e incorporação / Gestão de acervos bibliográfico e museológico),,,,,,,,,,,,,,,,,,,,,,,,,,,,,,,,,
062.13,Permuta (Aquisição e incorporação / Gestão de acervos bibliográfico e museológico),062.13,Permuta (Aquisição e incorporação / Gestão de acervos bibliográfico e museológico),,,,,,,,,,,,,,,,,,,,,,,,,,,,,,,,,
062.41,Doação (Desincorporação / Gestão de acervos bibliográfico e museológico),062.41,Doação (Desincorporação / Gestão de acervos bibliográfico e museológico),,,,,,,,,,,,,,,,,,,,,,,,,,,,,,,,,
062.42,Descarte (Desincorporação / Gestão de acervos bibliográfico e museológico),062.42,Descarte (Desincorporação / Gestão de acervos bibliográfico e museológico),,,,,,,,,,,,,,,,,,,,,,,,,,,,,,,,,
064.31,Microfilmagem (Reformatação / Conservação e preservação de acervos),064.31,Microfilmagem (Reformatação / Conservação e preservação de acervos),,,,,,,,,,,,,,,,,,,,,,,,,,,,,,,,,
064.32,Digitalização (Reformatação / Conservação e preservação de acervos),064.32,Digitalização (Reformatação / Conservação e preservação de acervos),,,,,,,,,,,,,,,,,,,,,,,,,,,,,,,,,
069.2,Fornecimento de cópias de documentos (Outras ações referentes à gestão da Documentação e da Informação),069.2,Fornecimento de cópias de documentos (Outras ações referentes à gestão da Documentação e da Informação),,,,,,,,,,,,,,,,,,,,,,,,,,,,,,,,,
064.01,Avaliação e monitoramento (Conservação e preservação de acervos),064.01,Avaliação e monitoramento (Conservação e preservação de acervos),,,,,,,,,,,,,,,,,,,,,,,,,,,,,,,,,
064.1,Desinfestação e higienização (Conservação e preservação de acervos),064.1,Desinfestação e higienização (Conservação e preservação de acervos),,,,,,,,,,,,,,,,,,,,,,,,,,,,,,,,,
064.2,Controle das áreas de armazenamento (Conservação e preservação de acervos),064.2,Controle das áreas de armazenamento (Conservação e preservação de acervos),,,,,,,,,,,,,,,,,,,,,,,,,,,,,,,,,
064.4,Restauração (Conservação e preservação de acervos),064.4,Restauração (Conservação e preservação de acervos),,,,,,,,,,,,,,,,,,,,,,,,,,,,,,,,,
066,Gestão de tecnologia da informação,066,Gestão de tecnologia da informação,,,,,,,,,,,,,,,,,,,,,,,,,,,,,,,,,
066.1,Desenvolvimento e controle de sistemas informatizados (Gestão de tecnologia da informação),066.1,Desenvolvimento e controle de sistemas informatizados (Gestão de tecnologia da informação),,,,,,,,,,,,,,,,,,,,,,,,,,,,,,,,,
066.31,Projeto de manutenção (Administração da infraestrutura tecnológica/Gestão de tecnologia da informação),066.31,Projeto de manutenção (Administração da infraestrutura tecnológica/Gestão de tecnologia da informação),,,,,,,,,,,,,,,,,,,,,,,,,,,,,,,,,
066.41,Instalação e configuração (Administração de banco de dados/Gestão de tecnologia da informação),066.41,Instalação e configuração (Administração de banco de dados/Gestão de tecnologia da informação),,,,,,,,,,,,,,,,,,,,,,,,,,,,,,,,,
066.32,Gerenciamento e uso (Administração da infraestrutura tecnológica/Gestão de tecnologia da informação),066.32,Gerenciamento e uso (Administração da infraestrutura tecnológica/Gestão de tecnologia da informação),,,,,,,,,,,,,,,,,,,,,,,,,,,,,,,,,
066.41,Instalação e configuração (Administração de banco de dados/Gestão de tecnologia da informação),066.41,Instalação e configuração (Administração de banco de dados/Gestão de tecnologia da informação),,,,,,,,,,,,,,,,,,,,,,,,,,,,,,,,,
066.42,Gerenciamento e uso (Administração de banco de dados/Gestão de tecnologia da informação),066.42,Gerenciamento e uso (Administração de banco de dados/Gestão de tecnologia da informação),,,,,,,,,,,,,,,,,,,,,,,,,,,,,,,,,
066.2,Instalação de equipamentos (Gestão de tecnologia da informação),066.2,Instalação de equipamentos (Gestão de tecnologia da informação),,,,,,,,,,,,,,,,,,,,,,,,,,,,,,,,,
067,Contratação de prestação de serviços,018.1,Contratação de pessoa jurídica (Organização e Funcionamento),,,,,,,,,,,,,,,,,,,,,,,,,,,,,,,,,
069,Outras ações referentes à gestão da documentação e da informação,069,Outras ações referentes à gestão da documentação e da informação,,,,,,,,,,,,,,,,,,,,,,,,,,,,,,,,,
070,Gestão dos serviços postais e de telecomunicações,070,Gestão dos serviços postais e de telecomunicações,,,,,,,,,,,,,,,,,,,,,,,,,,,,,,,,,
071.1,Serviço postal (Contratação de prestação de serviços),018.1,Contratação de pessoa jurídica (Organização e Funcionamento),,,,,,,,,,,,,,,,,,,,,,,,,,,,,,,,,
071.2,Serviço de radiofrequência (Contratação de prestação de serviços),018.1,Contratação de pessoa jurídica (Organização e Funcionamento),,,,,,,,,,,,,,,,,,,,,,,,,,,,,,,,,
071.3,Serviço de telex (Contratação de prestação de serviços),018.1,Contratação de pessoa jurídica (Organização e Funcionamento),,,,,,,,,,,,,,,,,,,,,,,,,,,,,,,,,
071.4,Serviço de telefonia. Serviço de fax (Contratação de prestação de serviços),018.1,Contratação de pessoa jurídica (Organização e Funcionamento),,,,,,,,,,,,,,,,,,,,,,,,,,,,,,,,,
073.32,Registro de ligações (Serviço de telefonia. Serviço de fax / Autorização e controle de uso),073.32,Registro de ligações (Serviço de telefonia. Serviço de fax / Autorização e controle de uso),,,,,,,,,,,,,,,,,,,,,,,,,,,,,,,,,
073.31,Transferência de propriedade ou titularidade (Serviço de telefonia. Serviço de fax / Autorização e controle de uso),073.31,Transferência de propriedade ou titularidade (Serviço de telefonia. Serviço de fax / Autorização e controle de uso),,,,,,,,,,,,,,,,,,,,,,,,,,,,,,,,,
073.33,Divulgação de listas telefônicas internas (Serviço de telefonia. Serviço de fax / Autorização e controle de uso),073.33,Divulgação de listas telefônicas internas (Serviço de telefonia. Serviço de fax / Autorização e controle de uso),,,,,,,,,,,,,,,,,,,,,,,,,,,,,,,,,
071.5,"Serviço de transmissão de dados, voz e imagem (Contratação de prestação de serviços)",018.1,Contratação de pessoa jurídica (Organização e Funcionamento),,,,,,,,,,,,,,,,,,,,,,,,,,,,,,,,,
073.4,"Serviço de transmissão de dados, voz e imagem (Autorização e controle de uso)",073.4,"Serviço de transmissão de dados, voz e imagem (Autorização e controle de uso)",,,,,,,,,,,,,,,,,,,,,,,,,,,,,,,,,
004.11,Uniformização do entendimento jurídico (Orientação técnica e normativa / Assessoramento jurídico),004.11,Uniformização do entendimento jurídico (Orientação técnica e normativa / Assessoramento jurídico),,,,,,,,,,,,,,,,,,,,,,,,,,,,,,,,,
004.12,Análise dos instrumentos administrativos (Orientação técnica e normativa / Assessoramento jurídico),004.12,Análise dos instrumentos administrativos (Orientação técnica e normativa / Assessoramento jurídico),,,,,,,,,,,,,,,,,,,,,,,,,,,,,,,,,
004.21,Representação judicial (Atuação em contencioso / Assessoramento jurídico),004.21,Representação judicial (Atuação em contencioso / Assessoramento jurídico),,,,,,,,,,,,,,,,,,,,,,,,,,,,,,,,,
004.22,Representação extrajudicial (Atuação em contencioso / Assessoramento jurídico),004.22,Representação extrajudicial (Atuação em contencioso / Assessoramento jurídico),,,,,,,,,,,,,,,,,,,,,,,,,,,,,,,,,
900,Administração de atividades acessórias,900,Administração de atividades acessórias,,,,,,,,,,,,,,,,,,,,,,,,,,,,,,,,,
910.01,Normatização. Regulamentação (Gestão de eventos),910.01,Normatização. Regulamentação (Gestão de eventos),,,,,,,,,,,,,,,,,,,,,,,,,,,,,,,,,
911,Planejamento e programação (Gestão de eventos),911,Planejamento e programação (Gestão de eventos),,,,,,,,,,,,,,,,,,,,,,,,,,,,,,,,,
912,Divulgação (Gestão de eventos),912,Divulgação (Gestão de eventos),,,,,,,,,,,,,,,,,,,,,,,,,,,,,,,,,
913,Inscrição e controle de frequência (Gestão de eventos),913,Inscrição e controle de frequência (Gestão de eventos),,,,,,,,,,,,,,,,,,,,,,,,,,,,,,,,,
914,Emissão de certificados (Gestão de eventos),914,Emissão de certificados (Gestão de eventos),,,,,,,,,,,,,,,,,,,,,,,,,,,,,,,,,
915,Avaliação dos resultados (Gestão de eventos),915,Avaliação dos resultados (Gestão de eventos),,,,,,,,,,,,,,,,,,,,,,,,,,,,,,,,,
916,"Habilitação, julgamento e recursos (Gestão de eventos)",916,"Habilitação, julgamento e recursos (Gestão de eventos)",,,,,,,,,,,,,,,,,,,,,,,,,,,,,,,,,
917,Premiação (Gestão de eventos),917,Premiação (Gestão de eventos),,,,,,,,,,,,,,,,,,,,,,,,,,,,,,,,,
918,Contratação de prestação de serviços (Gestão de eventos),018.1,Contratação de pessoa jurídica (Organização e Funcionamento),,,,,,,,,,,,,,,,,,,,,,,,,,,,,,,,,
919.1,Participação em eventos promovidos e realizados por outras instituições (Outras ações referentes à gestão de eventos),919.1,Participação em eventos promovidos e realizados por outras instituições (Outras ações referentes à gestão de eventos),,,,,,,,,,,,,,,,,,,,,,,,,,,,,,,,,
910.01,Normatização. Regulamentação (Gestão de eventos),910.01,Normatização. Regulamentação (Gestão de eventos),,,,,,,,,,,,,,,,,,,,,,,,,,,,,,,,,
911,Planejamento e programação (Gestão de eventos),911,Planejamento e programação (Gestão de eventos),,,,,,,,,,,,,,,,,,,,,,,,,,,,,,,,,
912,Divulgação (Gestão de eventos),912,Divulgação (Gestão de eventos),,,,,,,,,,,,,,,,,,,,,,,,,,,,,,,,,
913,Inscrição e controle de frequência (Gestão de eventos),913,Inscrição e controle de frequência (Gestão de eventos),,,,,,,,,,,,,,,,,,,,,,,,,,,,,,,,,
914,Emissão de certificados (Gestão de eventos),914,Emissão de certificados (Gestão de eventos),,,,,,,,,,,,,,,,,,,,,,,,,,,,,,,,,
915,Avaliação dos resultados (Gestão de eventos),915,Avaliação dos resultados (Gestão de eventos),,,,,,,,,,,,,,,,,,,,,,,,,,,,,,,,,
916,"Habilitação, julgamento e recursos (Gestão de eventos)",916,"Habilitação, julgamento e recursos (Gestão de eventos)",,,,,,,,,,,,,,,,,,,,,,,,,,,,,,,,,
917,Premiação (Gestão de eventos),917,Premiação (Gestão de eventos),,,,,,,,,,,,,,,,,,,,,,,,,,,,,,,,,
920.01,Normatização. Regulamentação (Promoção de visitas),920.01,Normatização. Regulamentação (Promoção de visitas),,,,,,,,,,,,,,,,,,,,,,,,,,,,,,,,,
921,Programação de visitas (Promoção de visitas),921,Programação de visitas (Promoção de visitas),,,,,,,,,,,,,,,,,,,,,,,,,,,,,,,,,
922,Controle de visitas e visitantes (Promoção de visitas),922,Controle de visitas e visitantes (Promoção de visitas),,,,,,,,,,,,,,,,,,,,,,,,,,,,,,,,,
990,Outras ações referentes à administração de atividades acessórias,990,Outras ações referentes à administração de atividades acessórias,,,,,,,,,,,,,,,,,,,,,,,,,,,,,,,,,
991,Gestão de comunicações eventuais,991,Gestão de comunicações eventuais,,,,,,,,,,,,,,,,,,,,,,,,,,,,,,,,,
992,"Relacionamento com associações culturais, de amigos e de servidores",992,"Relacionamento com associações culturais, de amigos e de servidores",,,,,,,,,,,,,,,,,,,,,,,,,,,,,,,,,
,,,,,,,,,,,,,,,,,,,,,,,,,,,,,,,,,,,,
Legenda,,,,,,,,,,,,,,,,,,,,,,,,,,,,,,,,,,,,
,,,,,,,,,,,,,,,,,,,,,,,,,,,,,,,,,,,,
,Informações iguais ,,,,,,,,,,,,,,,,,,,,,,,,,,,,,,,,,,,
,Sugerir Equivalência da 47 pra 174,,,,,,,,,,,,,,,,,,,,,,,,,,,,,,,,,,,
,Revisar,,,,,,,,,,,,,,,,,,,,,,,,,,,,,,,,,,,
,Excluir,,,,,,,,,,,,,,,,,,,,,,,,,,,,,,,,,,,
,,,,,,,,,,,,,,,,,,,,,,,,,,,,,,,,,,,,
,,,,,,,,,,,,,,,,,,,,,,,,,,,,,,,,,,,,
,,,,,,,,,,,,,,,,,,,,,,,,,,,,,,,,,,,,
,,,,,,,,,,,,,,,,,,,,,,,,,,,,,,,,,,,,
,,,,,,,,,,,,,,,,,,,,,,,,,,,,,,,,,,,,
,,,,,,,,,,,,,,,,,,,,,,,,,,,,,,,,,,,,
,,,,,,,,,,,,,,,,,,,,,,,,,,,,,,,,,,,,
,,,,,,,,,,,,,,,,,,,,,,,,,,,,,,,,,,,,
,,,,,,,,,,,,,,,,,,,,,,,,,,,,,,,,,,,,
,,,,,,,,,,,,,,,,,,,,,,,,,,,,,,,,,,,,
,,,,,,,,,,,,,,,,,,,,,,,,,,,,,,,,,,,,
,,,,,,,,,,,,,,,,,,,,,,,,,,,,,,,,,,,,
,,,,,,,,,,,,,,,,,,,,,,,,,,,,,,,,,,,,
,,,,,,,,,,,,,,,,,,,,,,,,,,,,,,,,,,,,
,,,,,,,,,,,,,,,,,,,,,,,,,,,,,,,,,,,,
,,,,,,,,,,,,,,,,,,,,,,,,,,,,,,,,,,,,
,,,,,,,,,,,,,,,,,,,,,,,,,,,,,,,,,,,,
,,,,,,,,,,,,,,,,,,,,,,,,,,,,,,,,,,,,
,,,,,,,,,,,,,,,,,,,,,,,,,,,,,,,,,,,,
,,,,,,,,,,,,,,,,,,,,,,,,,,,,,,,,,,,,
,,,,,,,,,,,,,,,,,,,,,,,,,,,,,,,,,,,,
,,,,,,,,,,,,,,,,,,,,,,,,,,,,,,,,,,,,
,,,,,,,,,,,,,,,,,,,,,,,,,,,,,,,,,,,,
,,,,,,,,,,,,,,,,,,,,,,,,,,,,,,,,,,,,
,,,,,,,,,,,,,,,,,,,,,,,,,,,,,,,,,,,,
,,,,,,,,,,,,,,,,,,,,,,,,,,,,,,,,,,,,
,,,,,,,,,,,,,,,,,,,,,,,,,,,,,,,,,,,,
,,,,,,,,,,,,,,,,,,,,,,,,,,,,,,,,,,,,
,,,,,,,,,,,,,,,,,,,,,,,,,,,,,,,,,,,,
,,,,,,,,,,,,,,,,,,,,,,,,,,,,,,,,,,,,
,,,,,,,,,,,,,,,,,,,,,,,,,,,,,,,,,,,,
,,,,,,,,,,,,,,,,,,,,,,,,,,,,,,,,,,,,
,,,,,,,,,,,,,,,,,,,,,,,,,,,,,,,,,,,,
,,,,,,,,,,,,,,,,,,,,,,,,,,,,,,,,,,,,
,,,,,,,,,,,,,,,,,,,,,,,,,,,,,,,,,,,,
,,,,,,,,,,,,,,,,,,,,,,,,,,,,,,,,,,,,
,,,,,,,,,,,,,,,,,,,,,,,,,,,,,,,,,,,,
,,,,,,,,,,,,,,,,,,,,,,,,,,,,,,,,,,,,
,,,,,,,,,,,,,,,,,,,,,,,,,,,,,,,,,,,,
,,,,,,,,,,,,,,,,,,,,,,,,,,,,,,,,,,,,
,,,,,,,,,,,,,,,,,,,,,,,,,,,,,,,,,,,,
,,,,,,,,,,,,,,,,,,,,,,,,,,,,,,,,,,,,
,,,,,,,,,,,,,,,,,,,,,,,,,,,,,,,,,,,,
,,,,,,,,,,,,,,,,,,,,,,,,,,,,,,,,,,,,
,,,,,,,,,,,,,,,,,,,,,,,,,,,,,,,,,,,,
,,,,,,,,,,,,,,,,,,,,,,,,,,,,,,,,,,,,
,,,,,,,,,,,,,,,,,,,,,,,,,,,,,,,,,,,,
,,,,,,,,,,,,,,,,,,,,,,,,,,,,,,,,,,,,
,,,,,,,,,,,,,,,,,,,,,,,,,,,,,,,,,,,,
,,,,,,,,,,,,,,,,,,,,,,,,,,,,,,,,,,,,
,,,,,,,,,,,,,,,,,,,,,,,,,,,,,,,,,,,,
,,,,,,,,,,,,,,,,,,,,,,,,,,,,,,,,,,,,
,,,,,,,,,,,,,,,,,,,,,,,,,,,,,,,,,,,,
,,,,,,,,,,,,,,,,,,,,,,,,,,,,,,,,,,,,
,,,,,,,,,,,,,,,,,,,,,,,,,,,,,,,,,,,,
,,,,,,,,,,,,,,,,,,,,,,,,,,,,,,,,,,,,
,,,,,,,,,,,,,,,,,,,,,,,,,,,,,,,,,,,,
,,,,,,,,,,,,,,,,,,,,,,,,,,,,,,,,,,,,
,,,,,,,,,,,,,,,,,,,,,,,,,,,,,,,,,,,,
,,,,,,,,,,,,,,,,,,,,,,,,,,,,,,,,,,,,
,,,,,,,,,,,,,,,,,,,,,,,,,,,,,,,,,,,,
,,,,,,,,,,,,,,,,,,,,,,,,,,,,,,,,,,,,
,,,,,,,,,,,,,,,,,,,,,,,,,,,,,,,,,,,,
,,,,,,,,,,,,,,,,,,,,,,,,,,,,,,,,,,,,
,,,,,,,,,,,,,,,,,,,,,,,,,,,,,,,,,,,,
,,,,,,,,,,,,,,,,,,,,,,,,,,,,,,,,,,,,
,,,,,,,,,,,,,,,,,,,,,,,,,,,,,,,,,,,,
,,,,,,,,,,,,,,,,,,,,,,,,,,,,,,,,,,,,
,,,,,,,,,,,,,,,,,,,,,,,,,,,,,,,,,,,,
,,,,,,,,,,,,,,,,,,,,,,,,,,,,,,,,,,,,
,,,,,,,,,,,,,,,,,,,,,,,,,,,,,,,,,,,,
,,,,,,,,,,,,,,,,,,,,,,,,,,,,,,,,,,,,
,,,,,,,,,,,,,,,,,,,,,,,,,,,,,,,,,,,,
,,,,,,,,,,,,,,,,,,,,,,,,,,,,,,,,,,,,
,,,,,,,,,,,,,,,,,,,,,,,,,,,,,,,,,,,,
,,,,,,,,,,,,,,,,,,,,,,,,,,,,,,,,,,,,
,,,,,,,,,,,,,,,,,,,,,,,,,,,,,,,,,,,,
,,,,,,,,,,,,,,,,,,,,,,,,,,,,,,,,,,,,
,,,,,,,,,,,,,,,,,,,,,,,,,,,,,,,,,,,,
,,,,,,,,,,,,,,,,,,,,,,,,,,,,,,,,,,,,
,,,,,,,,,,,,,,,,,,,,,,,,,,,,,,,,,,,,
,,,,,,,,,,,,,,,,,,,,,,,,,,,,,,,,,,,,
,,,,,,,,,,,,,,,,,,,,,,,,,,,,,,,,,,,,
,,,,,,,,,,,,,,,,,,,,,,,,,,,,,,,,,,,,
,,,,,,,,,,,,,,,,,,,,,,,,,,,,,,,,,,,,
,,,,,,,,,,,,,,,,,,,,,,,,,,,,,,,,,,,,
,,,,,,,,,,,,,,,,,,,,,,,,,,,,,,,,,,,,
,,,,,,,,,,,,,,,,,,,,,,,,,,,,,,,,,,,,
,,,,,,,,,,,,,,,,,,,,,,,,,,,,,,,,,,,,
,,,,,,,,,,,,,,,,,,,,,,,,,,,,,,,,,,,,
,,,,,,,,,,,,,,,,,,,,,,,,,,,,,,,,,,,,
,,,,,,,,,,,,,,,,,,,,,,,,,,,,,,,,,,,,
,,,,,,,,,,,,,,,,,,,,,,,,,,,,,,,,,,,,
,,,,,,,,,,,,,,,,,,,,,,,,,,,,,,,,,,,,
,,,,,,,,,,,,,,,,,,,,,,,,,,,,,,,,,,,,
,,,,,,,,,,,,,,,,,,,,,,,,,,,,,,,,,,,,
,,,,,,,,,,,,,,,,,,,,,,,,,,,,,,,,,,,,
,,,,,,,,,,,,,,,,,,,,,,,,,,,,,,,,,,,,
,,,,,,,,,,,,,,,,,,,,,,,,,,,,,,,,,,,,
,,,,,,,,,,,,,,,,,,,,,,,,,,,,,,,,,,,,
,,,,,,,,,,,,,,,,,,,,,,,,,,,,,,,,,,,,
,,,,,,,,,,,,,,,,,,,,,,,,,,,,,,,,,,,,
,,,,,,,,,,,,,,,,,,,,,,,,,,,,,,,,,,,,
,,,,,,,,,,,,,,,,,,,,,,,,,,,,,,,,,,,,
,,,,,,,,,,,,,,,,,,,,,,,,,,,,,,,,,,,,
,,,,,,,,,,,,,,,,,,,,,,,,,,,,,,,,,,,,
,,,,,,,,,,,,,,,,,,,,,,,,,,,,,,,,,,,,
,,,,,,,,,,,,,,,,,,,,,,,,,,,,,,,,,,,,
,,,,,,,,,,,,,,,,,,,,,,,,,,,,,,,,,,,,
,,,,,,,,,,,,,,,,,,,,,,,,,,,,,,,,,,,,
,,,,,,,,,,,,,,,,,,,,,,,,,,,,,,,,,,,,
,,,,,,,,,,,,,,,,,,,,,,,,,,,,,,,,,,,,
,,,,,,,,,,,,,,,,,,,,,,,,,,,,,,,,,,,,
,,,,,,,,,,,,,,,,,,,,,,,,,,,,,,,,,,,,
,,,,,,,,,,,,,,,,,,,,,,,,,,,,,,,,,,,,
,,,,,,,,,,,,,,,,,,,,,,,,,,,,,,,,,,,,
,,,,,,,,,,,,,,,,,,,,,,,,,,,,,,,,,,,,
,,,,,,,,,,,,,,,,,,,,,,,,,,,,,,,,,,,,
,,,,,,,,,,,,,,,,,,,,,,,,,,,,,,,,,,,,
,,,,,,,,,,,,,,,,,,,,,,,,,,,,,,,,,,,,
,,,,,,,,,,,,,,,,,,,,,,,,,,,,,,,,,,,,
,,,,,,,,,,,,,,,,,,,,,,,,,,,,,,,,,,,,
,,,,,,,,,,,,,,,,,,,,,,,,,,,,,,,,,,,,
,,,,,,,,,,,,,,,,,,,,,,,,,,,,,,,,,,,,
,,,,,,,,,,,,,,,,,,,,,,,,,,,,,,,,,,,,
,,,,,,,,,,,,,,,,,,,,,,,,,,,,,,,,,,,,
,,,,,,,,,,,,,,,,,,,,,,,,,,,,,,,,,,,,
,,,,,,,,,,,,,,,,,,,,,,,,,,,,,,,,,,,,
,,,,,,,,,,,,,,,,,,,,,,,,,,,,,,,,,,,,
,,,,,,,,,,,,,,,,,,,,,,,,,,,,,,,,,,,,
,,,,,,,,,,,,,,,,,,,,,,,,,,,,,,,,,,,,
,,,,,,,,,,,,,,,,,,,,,,,,,,,,,,,,,,,,
,,,,,,,,,,,,,,,,,,,,,,,,,,,,,,,,,,,,
,,,,,,,,,,,,,,,,,,,,,,,,,,,,,,,,,,,,
,,,,,,,,,,,,,,,,,,,,,,,,,,,,,,,,,,,,
,,,,,,,,,,,,,,,,,,,,,,,,,,,,,,,,,,,,
,,,,,,,,,,,,,,,,,,,,,,,,,,,,,,,,,,,,
,,,,,,,,,,,,,,,,,,,,,,,,,,,,,,,,,,,,
,,,,,,,,,,,,,,,,,,,,,,,,,,,,,,,,,,,,
,,,,,,,,,,,,,,,,,,,,,,,,,,,,,,,,,,,,
,,,,,,,,,,,,,,,,,,,,,,,,,,,,,,,,,,,,
,,,,,,,,,,,,,,,,,,,,,,,,,,,,,,,,,,,,
,,,,,,,,,,,,,,,,,,,,,,,,,,,,,,,,,,,,
,,,,,,,,,,,,,,,,,,,,,,,,,,,,,,,,,,,,
,,,,,,,,,,,,,,,,,,,,,,,,,,,,,,,,,,,,
,,,,,,,,,,,,,,,,,,,,,,,,,,,,,,,,,,,,
,,,,,,,,,,,,,,,,,,,,,,,,,,,,,,,,,,,,
,,,,,,,,,,,,,,,,,,,,,,,,,,,,,,,,,,,,
,,,,,,,,,,,,,,,,,,,,,,,,,,,,,,,,,,,,
,,,,,,,,,,,,,,,,,,,,,,,,,,,,,,,,,,,,
,,,,,,,,,,,,,,,,,,,,,,,,,,,,,,,,,,,,
,,,,,,,,,,,,,,,,,,,,,,,,,,,,,,,,,,,,
,,,,,,,,,,,,,,,,,,,,,,,,,,,,,,,,,,,,
,,,,,,,,,,,,,,,,,,,,,,,,,,,,,,,,,,,,
,,,,,,,,,,,,,,,,,,,,,,,,,,,,,,,,,,,,
,,,,,,,,,,,,,,,,,,,,,,,,,,,,,,,,,,,,
,,,,,,,,,,,,,,,,,,,,,,,,,,,,,,,,,,,,
,,,,,,,,,,,,,,,,,,,,,,,,,,,,,,,,,,,,
,,,,,,,,,,,,,,,,,,,,,,,,,,,,,,,,,,,,
,,,,,,,,,,,,,,,,,,,,,,,,,,,,,,,,,,,,
,,,,,,,,,,,,,,,,,,,,,,,,,,,,,,,,,,,,
,,,,,,,,,,,,,,,,,,,,,,,,,,,,,,,,,,,,
,,,,,,,,,,,,,,,,,,,,,,,,,,,,,,,,,,,,
,,,,,,,,,,,,,,,,,,,,,,,,,,,,,,,,,,,,
,,,,,,,,,,,,,,,,,,,,,,,,,,,,,,,,,,,,
,,,,,,,,,,,,,,,,,,,,,,,,,,,,,,,,,,,,
,,,,,,,,,,,,,,,,,,,,,,,,,,,,,,,,,,,,
,,,,,,,,,,,,,,,,,,,,,,,,,,,,,,,,,,,,
,,,,,,,,,,,,,,,,,,,,,,,,,,,,,,,,,,,,
,,,,,,,,,,,,,,,,,,,,,,,,,,,,,,,,,,,,
,,,,,,,,,,,,,,,,,,,,,,,,,,,,,,,,,,,,
,,,,,,,,,,,,,,,,,,,,,,,,,,,,,,,,,,,,
,,,,,,,,,,,,,,,,,,,,,,,,,,,,,,,,,,,,
,,,,,,,,,,,,,,,,,,,,,,,,,,,,,,,,,,,,
,,,,,,,,,,,,,,,,,,,,,,,,,,,,,,,,,,,,
,,,,,,,,,,,,,,,,,,,,,,,,,,,,,,,,,,,,
,,,,,,,,,,,,,,,,,,,,,,,,,,,,,,,,,,,,
,,,,,,,,,,,,,,,,,,,,,,,,,,,,,,,,,,,,
,,,,,,,,,,,,,,,,,,,,,,,,,,,,,,,,,,,,
,,,,,,,,,,,,,,,,,,,,,,,,,,,,,,,,,,,,
,,,,,,,,,,,,,,,,,,,,,,,,,,,,,,,,,,,,
,,,,,,,,,,,,,,,,,,,,,,,,,,,,,,,,,,,,
,,,,,,,,,,,,,,,,,,,,,,,,,,,,,,,,,,,,
,,,,,,,,,,,,,,,,,,,,,,,,,,,,,,,,,,,,
,,,,,,,,,,,,,,,,,,,,,,,,,,,,,,,,,,,,
,,,,,,,,,,,,,,,,,,,,,,,,,,,,,,,,,,,,
,,,,,,,,,,,,,,,,,,,,,,,,,,,,,,,,,,,,
,,,,,,,,,,,,,,,,,,,,,,,,,,,,,,,,,,,,
,,,,,,,,,,,,,,,,,,,,,,,,,,,,,,,,,,,,
,,,,,,,,,,,,,,,,,,,,,,,,,,,,,,,,,,,,
,,,,,,,,,,,,,,,,,,,,,,,,,,,,,,,,,,,,
,,,,,,,,,,,,,,,,,,,,,,,,,,,,,,,,,,,,
,,,,,,,,,,,,,,,,,,,,,,,,,,,,,,,,,,,,
,,,,,,,,,,,,,,,,,,,,,,,,,,,,,,,,,,,,
,,,,,,,,,,,,,,,,,,,,,,,,,,,,,,,,,,,,
,,,,,,,,,,,,,,,,,,,,,,,,,,,,,,,,,,,,
,,,,,,,,,,,,,,,,,,,,,,,,,,,,,,,,,,,,
,,,,,,,,,,,,,,,,,,,,,,,,,,,,,,,,,,,,
,,,,,,,,,,,,,,,,,,,,,,,,,,,,,,,,,,,,
,,,,,,,,,,,,,,,,,,,,,,,,,,,,,,,,,,,,
,,,,,,,,,,,,,,,,,,,,,,,,,,,,,,,,,,,,
,,,,,,,,,,,,,,,,,,,,,,,,,,,,,,,,,,,,
,,,,,,,,,,,,,,,,,,,,,,,,,,,,,,,,,,,,
,,,,,,,,,,,,,,,,,,,,,,,,,,,,,,,,,,,,
,,,,,,,,,,,,,,,,,,,,,,,,,,,,,,,,,,,,
,,,,,,,,,,,,,,,,,,,,,,,,,,,,,,,,,,,,
,,,,,,,,,,,,,,,,,,,,,,,,,,,,,,,,,,,,
,,,,,,,,,,,,,,,,,,,,,,,,,,,,,,,,,,,,
,,,,,,,,,,,,,,,,,,,,,,,,,,,,,,,,,,,,
,,,,,,,,,,,,,,,,,,,,,,,,,,,,,,,,,,,,
,,,,,,,,,,,,,,,,,,,,,,,,,,,,,,,,,,,,
,,,,,,,,,,,,,,,,,,,,,,,,,,,,,,,,,,,,
,,,,,,,,,,,,,,,,,,,,,,,,,,,,,,,,,,,,
,,,,,,,,,,,,,,,,,,,,,,,,,,,,,,,,,,,,
,,,,,,,,,,,,,,,,,,,,,,,,,,,,,,,,,,,,
,,,,,,,,,,,,,,,,,,,,,,,,,,,,,,,,,,,,
,,,,,,,,,,,,,,,,,,,,,,,,,,,,,,,,,,,,
,,,,,,,,,,,,,,,,,,,,,,,,,,,,,,,,,,,,
,,,,,,,,,,,,,,,,,,,,,,,,,,,,,,,,,,,,
,,,,,,,,,,,,,,,,,,,,,,,,,,,,,,,,,,,,
,,,,,,,,,,,,,,,,,,,,,,,,,,,,,,,,,,,,
,,,,,,,,,,,,,,,,,,,,,,,,,,,,,,,,,,,,
,,,,,,,,,,,,,,,,,,,,,,,,,,,,,,,,,,,,
,,,,,,,,,,,,,,,,,,,,,,,,,,,,,,,,,,,,
,,,,,,,,,,,,,,,,,,,,,,,,,,,,,,,,,,,,
,,,,,,,,,,,,,,,,,,,,,,,,,,,,,,,,,,,,
,,,,,,,,,,,,,,,,,,,,,,,,,,,,,,,,,,,,
,,,,,,,,,,,,,,,,,,,,,,,,,,,,,,,,,,,,
,,,,,,,,,,,,,,,,,,,,,,,,,,,,,,,,,,,,
,,,,,,,,,,,,,,,,,,,,,,,,,,,,,,,,,,,,
,,,,,,,,,,,,,,,,,,,,,,,,,,,,,,,,,,,,
,,,,,,,,,,,,,,,,,,,,,,,,,,,,,,,,,,,,
,,,,,,,,,,,,,,,,,,,,,,,,,,,,,,,,,,,,
,,,,,,,,,,,,,,,,,,,,,,,,,,,,,,,,,,,,
,,,,,,,,,,,,,,,,,,,,,,,,,,,,,,,,,,,,
,,,,,,,,,,,,,,,,,,,,,,,,,,,,,,,,,,,,
,,,,,,,,,,,,,,,,,,,,,,,,,,,,,,,,,,,,
,,,,,,,,,,,,,,,,,,,,,,,,,,,,,,,,,,,,
,,,,,,,,,,,,,,,,,,,,,,,,,,,,,,,,,,,,
,,,,,,,,,,,,,,,,,,,,,,,,,,,,,,,,,,,,
,,,,,,,,,,,,,,,,,,,,,,,,,,,,,,,,,,,,
,,,,,,,,,,,,,,,,,,,,,,,,,,,,,,,,,,,,
,,,,,,,,,,,,,,,,,,,,,,,,,,,,,,,,,,,,
,,,,,,,,,,,,,,,,,,,,,,,,,,,,,,,,,,,,
,,,,,,,,,,,,,,,,,,,,,,,,,,,,,,,,,,,,
,,,,,,,,,,,,,,,,,,,,,,,,,,,,,,,,,,,,
,,,,,,,,,,,,,,,,,,,,,,,,,,,,,,,,,,,,
,,,,,,,,,,,,,,,,,,,,,,,,,,,,,,,,,,,,
,,,,,,,,,,,,,,,,,,,,,,,,,,,,,,,,,,,,
,,,,,,,,,,,,,,,,,,,,,,,,,,,,,,,,,,,,
,,,,,,,,,,,,,,,,,,,,,,,,,,,,,,,,,,,,
,,,,,,,,,,,,,,,,,,,,,,,,,,,,,,,,,,,,
,,,,,,,,,,,,,,,,,,,,,,,,,,,,,,,,,,,,
,,,,,,,,,,,,,,,,,,,,,,,,,,,,,,,,,,,,
,,,,,,,,,,,,,,,,,,,,,,,,,,,,,,,,,,,,
,,,,,,,,,,,,,,,,,,,,,,,,,,,,,,,,,,,,
,,,,,,,,,,,,,,,,,,,,,,,,,,,,,,,,,,,,
,,,,,,,,,,,,,,,,,,,,,,,,,,,,,,,,,,,,
,,,,,,,,,,,,,,,,,,,,,,,,,,,,,,,,,,,,
,,,,,,,,,,,,,,,,,,,,,,,,,,,,,,,,,,,,
,,,,,,,,,,,,,,,,,,,,,,,,,,,,,,,,,,,,
,,,,,,,,,,,,,,,,,,,,,,,,,,,,,,,,,,,,
,,,,,,,,,,,,,,,,,,,,,,,,,,,,,,,,,,,,
,,,,,,,,,,,,,,,,,,,,,,,,,,,,,,,,,,,,
,,,,,,,,,,,,,,,,,,,,,,,,,,,,,,,,,,,,
,,,,,,,,,,,,,,,,,,,,,,,,,,,,,,,,,,,,
,,,,,,,,,,,,,,,,,,,,,,,,,,,,,,,,,,,,
,,,,,,,,,,,,,,,,,,,,,,,,,,,,,,,,,,,,
,,,,,,,,,,,,,,,,,,,,,,,,,,,,,,,,,,,,
,,,,,,,,,,,,,,,,,,,,,,,,,,,,,,,,,,,,
,,,,,,,,,,,,,,,,,,,,,,,,,,,,,,,,,,,,
,,,,,,,,,,,,,,,,,,,,,,,,,,,,,,,,,,,,
,,,,,,,,,,,,,,,,,,,,,,,,,,,,,,,,,,,,
,,,,,,,,,,,,,,,,,,,,,,,,,,,,,,,,,,,,
,,,,,,,,,,,,,,,,,,,,,,,,,,,,,,,,,,,,
,,,,,,,,,,,,,,,,,,,,,,,,,,,,,,,,,,,,
,,,,,,,,,,,,,,,,,,,,,,,,,,,,,,,,,,,,
,,,,,,,,,,,,,,,,,,,,,,,,,,,,,,,,,,,,
,,,,,,,,,,,,,,,,,,,,,,,,,,,,,,,,,,,,
,,,,,,,,,,,,,,,,,,,,,,,,,,,,,,,,,,,,
,,,,,,,,,,,,,,,,,,,,,,,,,,,,,,,,,,,,
,,,,,,,,,,,,,,,,,,,,,,,,,,,,,,,,,,,,
,,,,,,,,,,,,,,,,,,,,,,,,,,,,,,,,,,,,
,,,,,,,,,,,,,,,,,,,,,,,,,,,,,,,,,,,,
,,,,,,,,,,,,,,,,,,,,,,,,,,,,,,,,,,,,
,,,,,,,,,,,,,,,,,,,,,,,,,,,,,,,,,,,,
,,,,,,,,,,,,,,,,,,,,,,,,,,,,,,,,,,,,
,,,,,,,,,,,,,,,,,,,,,,,,,,,,,,,,,,,,
,,,,,,,,,,,,,,,,,,,,,,,,,,,,,,,,,,,,
,,,,,,,,,,,,,,,,,,,,,,,,,,,,,,,,,,,,
,,,,,,,,,,,,,,,,,,,,,,,,,,,,,,,,,,,,
,,,,,,,,,,,,,,,,,,,,,,,,,,,,,,,,,,,,
,,,,,,,,,,,,,,,,,,,,,,,,,,,,,,,,,,,,
,,,,,,,,,,,,,,,,,,,,,,,,,,,,,,,,,,,,
,,,,,,,,,,,,,,,,,,,,,,,,,,,,,,,,,,,,
,,,,,,,,,,,,,,,,,,,,,,,,,,,,,,,,,,,,
,,,,,,,,,,,,,,,,,,,,,,,,,,,,,,,,,,,,
,,,,,,,,,,,,,,,,,,,,,,,,,,,,,,,,,,,,
,,,,,,,,,,,,,,,,,,,,,,,,,,,,,,,,,,,,
,,,,,,,,,,,,,,,,,,,,,,,,,,,,,,,,,,,,
,,,,,,,,,,,,,,,,,,,,,,,,,,,,,,,,,,,,
,,,,,,,,,,,,,,,,,,,,,,,,,,,,,,,,,,,,
,,,,,,,,,,,,,,,,,,,,,,,,,,,,,,,,,,,,
,,,,,,,,,,,,,,,,,,,,,,,,,,,,,,,,,,,,
,,,,,,,,,,,,,,,,,,,,,,,,,,,,,,,,,,,,
,,,,,,,,,,,,,,,,,,,,,,,,,,,,,,,,,,,,
,,,,,,,,,,,,,,,,,,,,,,,,,,,,,,,,,,,,
,,,,,,,,,,,,,,,,,,,,,,,,,,,,,,,,,,,,
,,,,,,,,,,,,,,,,,,,,,,,,,,,,,,,,,,,,
,,,,,,,,,,,,,,,,,,,,,,,,,,,,,,,,,,,,
,,,,,,,,,,,,,,,,,,,,,,,,,,,,,,,,,,,,
,,,,,,,,,,,,,,,,,,,,,,,,,,,,,,,,,,,,
,,,,,,,,,,,,,,,,,,,,,,,,,,,,,,,,,,,,
,,,,,,,,,,,,,,,,,,,,,,,,,,,,,,,,,,,,
,,,,,,,,,,,,,,,,,,,,,,,,,,,,,,,,,,,,
,,,,,,,,,,,,,,,,,,,,,,,,,,,,,,,,,,,,
,,,,,,,,,,,,,,,,,,,,,,,,,,,,,,,,,,,,
,,,,,,,,,,,,,,,,,,,,,,,,,,,,,,,,,,,,
,,,,,,,,,,,,,,,,,,,,,,,,,,,,,,,,,,,,
,,,,,,,,,,,,,,,,,,,,,,,,,,,,,,,,,,,,
,,,,,,,,,,,,,,,,,,,,,,,,,,,,,,,,,,,,
,,,,,,,,,,,,,,,,,,,,,,,,,,,,,,,,,,,,
,,,,,,,,,,,,,,,,,,,,,,,,,,,,,,,,,,,,
,,,,,,,,,,,,,,,,,,,,,,,,,,,,,,,,,,,,
,,,,,,,,,,,,,,,,,,,,,,,,,,,,,,,,,,,,
,,,,,,,,,,,,,,,,,,,,,,,,,,,,,,,,,,,,
,,,,,,,,,,,,,,,,,,,,,,,,,,,,,,,,,,,,
,,,,,,,,,,,,,,,,,,,,,,,,,,,,,,,,,,,,
,,,,,,,,,,,,,,,,,,,,,,,,,,,,,,,,,,,,
,,,,,,,,,,,,,,,,,,,,,,,,,,,,,,,,,,,,
,,,,,,,,,,,,,,,,,,,,,,,,,,,,,,,,,,,,
,,,,,,,,,,,,,,,,,,,,,,,,,,,,,,,,,,,,
,,,,,,,,,,,,,,,,,,,,,,,,,,,,,,,,,,,,
,,,,,,,,,,,,,,,,,,,,,,,,,,,,,,,,,,,,
,,,,,,,,,,,,,,,,,,,,,,,,,,,,,,,,,,,,
,,,,,,,,,,,,,,,,,,,,,,,,,,,,,,,,,,,,
,,,,,,,,,,,,,,,,,,,,,,,,,,,,,,,,,,,,
,,,,,,,,,,,,,,,,,,,,,,,,,,,,,,,,,,,,
,,,,,,,,,,,,,,,,,,,,,,,,,,,,,,,,,,,,
,,,,,,,,,,,,,,,,,,,,,,,,,,,,,,,,,,,,
,,,,,,,,,,,,,,,,,,,,,,,,,,,,,,,,,,,,
,,,,,,,,,,,,,,,,,,,,,,,,,,,,,,,,,,,,
,,,,,,,,,,,,,,,,,,,,,,,,,,,,,,,,,,,,
,,,,,,,,,,,,,,,,,,,,,,,,,,,,,,,,,,,,
,,,,,,,,,,,,,,,,,,,,,,,,,,,,,,,,,,,,
,,,,,,,,,,,,,,,,,,,,,,,,,,,,,,,,,,,,
,,,,,,,,,,,,,,,,,,,,,,,,,,,,,,,,,,,,
,,,,,,,,,,,,,,,,,,,,,,,,,,,,,,,,,,,,
,,,,,,,,,,,,,,,,,,,,,,,,,,,,,,,,,,,,
,,,,,,,,,,,,,,,,,,,,,,,,,,,,,,,,,,,,
,,,,,,,,,,,,,,,,,,,,,,,,,,,,,,,,,,,,
,,,,,,,,,,,,,,,,,,,,,,,,,,,,,,,,,,,,
,,,,,,,,,,,,,,,,,,,,,,,,,,,,,,,,,,,,
,,,,,,,,,,,,,,,,,,,,,,,,,,,,,,,,,,,,
,,,,,,,,,,,,,,,,,,,,,,,,,,,,,,,,,,,,
,,,,,,,,,,,,,,,,,,,,,,,,,,,,,,,,,,,,
,,,,,,,,,,,,,,,,,,,,,,,,,,,,,,,,,,,,
,,,,,,,,,,,,,,,,,,,,,,,,,,,,,,,,,,,,
,,,,,,,,,,,,,,,,,,,,,,,,,,,,,,,,,,,,
,,,,,,,,,,,,,,,,,,,,,,,,,,,,,,,,,,,,
,,,,,,,,,,,,,,,,,,,,,,,,,,,,,,,,,,,,
,,,,,,,,,,,,,,,,,,,,,,,,,,,,,,,,,,,,
,,,,,,,,,,,,,,,,,,,,,,,,,,,,,,,,,,,,
,,,,,,,,,,,,,,,,,,,,,,,,,,,,,,,,,,,,
,,,,,,,,,,,,,,,,,,,,,,,,,,,,,,,,,,,,
,,,,,,,,,,,,,,,,,,,,,,,,,,,,,,,,,,,,
,,,,,,,,,,,,,,,,,,,,,,,,,,,,,,,,,,,,
,,,,,,,,,,,,,,,,,,,,,,,,,,,,,,,,,,,,
,,,,,,,,,,,,,,,,,,,,,,,,,,,,,,,,,,,,
,,,,,,,,,,,,,,,,,,,,,,,,,,,,,,,,,,,,
,,,,,,,,,,,,,,,,,,,,,,,,,,,,,,,,,,,,
,,,,,,,,,,,,,,,,,,,,,,,,,,,,,,,,,,,,
,,,,,,,,,,,,,,,,,,,,,,,,,,,,,,,,,,,,
,,,,,,,,,,,,,,,,,,,,,,,,,,,,,,,,,,,,
,,,,,,,,,,,,,,,,,,,,,,,,,,,,,,,,,,,,
,,,,,,,,,,,,,,,,,,,,,,,,,,,,,,,,,,,,
,,,,,,,,,,,,,,,,,,,,,,,,,,,,,,,,,,,,
,,,,,,,,,,,,,,,,,,,,,,,,,,,,,,,,,,,,
,,,,,,,,,,,,,,,,,,,,,,,,,,,,,,,,,,,,
,,,,,,,,,,,,,,,,,,,,,,,,,,,,,,,,,,,,
,,,,,,,,,,,,,,,,,,,,,,,,,,,,,,,,,,,,
,,,,,,,,,,,,,,,,,,,,,,,,,,,,,,,,,,,,
,,,,,,,,,,,,,,,,,,,,,,,,,,,,,,,,,,,,
,,,,,,,,,,,,,,,,,,,,,,,,,,,,,,,,,,,,
,,,,,,,,,,,,,,,,,,,,,,,,,,,,,,,,,,,,
,,,,,,,,,,,,,,,,,,,,,,,,,,,,,,,,,,,,
,,,,,,,,,,,,,,,,,,,,,,,,,,,,,,,,,,,,
,,,,,,,,,,,,,,,,,,,,,,,,,,,,,,,,,,,,
,,,,,,,,,,,,,,,,,,,,,,,,,,,,,,,,,,,,
,,,,,,,,,,,,,,,,,,,,,,,,,,,,,,,,,,,,
,,,,,,,,,,,,,,,,,,,,,,,,,,,,,,,,,,,,
,,,,,,,,,,,,,,,,,,,,,,,,,,,,,,,,,,,,
,,,,,,,,,,,,,,,,,,,,,,,,,,,,,,,,,,,,
,,,,,,,,,,,,,,,,,,,,,,,,,,,,,,,,,,,,
,,,,,,,,,,,,,,,,,,,,,,,,,,,,,,,,,,,,
,,,,,,,,,,,,,,,,,,,,,,,,,,,,,,,,,,,,
,,,,,,,,,,,,,,,,,,,,,,,,,,,,,,,,,,,,
,,,,,,,,,,,,,,,,,,,,,,,,,,,,,,,,,,,,
,,,,,,,,,,,,,,,,,,,,,,,,,,,,,,,,,,,,
,,,,,,,,,,,,,,,,,,,,,,,,,,,,,,,,,,,,
,,,,,,,,,,,,,,,,,,,,,,,,,,,,,,,,,,,,
,,,,,,,,,,,,,,,,,,,,,,,,,,,,,,,,,,,,
,,,,,,,,,,,,,,,,,,,,,,,,,,,,,,,,,,,,
,,,,,,,,,,,,,,,,,,,,,,,,,,,,,,,,,,,,
,,,,,,,,,,,,,,,,,,,,,,,,,,,,,,,,,,,,
,,,,,,,,,,,,,,,,,,,,,,,,,,,,,,,,,,,,
,,,,,,,,,,,,,,,,,,,,,,,,,,,,,,,,,,,,
,,,,,,,,,,,,,,,,,,,,,,,,,,,,,,,,,,,,
,,,,,,,,,,,,,,,,,,,,,,,,,,,,,,,,,,,,
,,,,,,,,,,,,,,,,,,,,,,,,,,,,,,,,,,,,
,,,,,,,,,,,,,,,,,,,,,,,,,,,,,,,,,,,,
,,,,,,,,,,,,,,,,,,,,,,,,,,,,,,,,,,,,
,,,,,,,,,,,,,,,,,,,,,,,,,,,,,,,,,,,,
,,,,,,,,,,,,,,,,,,,,,,,,,,,,,,,,,,,,
,,,,,,,,,,,,,,,,,,,,,,,,,,,,,,,,,,,,
,,,,,,,,,,,,,,,,,,,,,,,,,,,,,,,,,,,,
,,,,,,,,,,,,,,,,,,,,,,,,,,,,,,,,,,,,
,,,,,,,,,,,,,,,,,,,,,,,,,,,,,,,,,,,,
,,,,,,,,,,,,,,,,,,,,,,,,,,,,,,,,,,,,
,,,,,,,,,,,,,,,,,,,,,,,,,,,,,,,,,,,,
,,,,,,,,,,,,,,,,,,,,,,,,,,,,,,,,,,,,
,,,,,,,,,,,,,,,,,,,,,,,,,,,,,,,,,,,,
,,,,,,,,,,,,,,,,,,,,,,,,,,,,,,,,,,,,
,,,,,,,,,,,,,,,,,,,,,,,,,,,,,,,,,,,,
,,,,,,,,,,,,,,,,,,,,,,,,,,,,,,,,,,,,
,,,,,,,,,,,,,,,,,,,,,,,,,,,,,,,,,,,,
,,,,,,,,,,,,,,,,,,,,,,,,,,,,,,,,,,,,
,,,,,,,,,,,,,,,,,,,,,,,,,,,,,,,,,,,,
,,,,,,,,,,,,,,,,,,,,,,,,,,,,,,,,,,,,
,,,,,,,,,,,,,,,,,,,,,,,,,,,,,,,,,,,,
,,,,,,,,,,,,,,,,,,,,,,,,,,,,,,,,,,,,
,,,,,,,,,,,,,,,,,,,,,,,,,,,,,,,,,,,,
,,,,,,,,,,,,,,,,,,,,,,,,,,,,,,,,,,,,
,,,,,,,,,,,,,,,,,,,,,,,,,,,,,,,,,,,,
,,,,,,,,,,,,,,,,,,,,,,,,,,,,,,,,,,,,
,,,,,,,,,,,,,,,,,,,,,,,,,,,,,,,,,,,,
,,,,,,,,,,,,,,,,,,,,,,,,,,,,,,,,,,,,
,,,,,,,,,,,,,,,,,,,,,,,,,,,,,,,,,,,,
,,,,,,,,,,,,,,,,,,,,,,,,,,,,,,,,,,,,
,,,,,,,,,,,,,,,,,,,,,,,,,,,,,,,,,,,,
,,,,,,,,,,,,,,,,,,,,,,,,,,,,,,,,,,,,
,,,,,,,,,,,,,,,,,,,,,,,,,,,,,,,,,,,,
,,,,,,,,,,,,,,,,,,,,,,,,,,,,,,,,,,,,
,,,,,,,,,,,,,,,,,,,,,,,,,,,,,,,,,,,,
,,,,,,,,,,,,,,,,,,,,,,,,,,,,,,,,,,,,
,,,,,,,,,,,,,,,,,,,,,,,,,,,,,,,,,,,,
,,,,,,,,,,,,,,,,,,,,,,,,,,,,,,,,,,,,
,,,,,,,,,,,,,,,,,,,,,,,,,,,,,,,,,,,,
,,,,,,,,,,,,,,,,,,,,,,,,,,,,,,,,,,,,
,,,,,,,,,,,,,,,,,,,,,,,,,,,,,,,,,,,,
,,,,,,,,,,,,,,,,,,,,,,,,,,,,,,,,,,,,
,,,,,,,,,,,,,,,,,,,,,,,,,,,,,,,,,,,,
,,,,,,,,,,,,,,,,,,,,,,,,,,,,,,,,,,,,
,,,,,,,,,,,,,,,,,,,,,,,,,,,,,,,,,,,,
,,,,,,,,,,,,,,,,,,,,,,,,,,,,,,,,,,,,
,,,,,,,,,,,,,,,,,,,,,,,,,,,,,,,,,,,,
,,,,,,,,,,,,,,,,,,,,,,,,,,,,,,,,,,,,
,,,,,,,,,,,,,,,,,,,,,,,,,,,,,,,,,,,,
,,,,,,,,,,,,,,,,,,,,,,,,,,,,,,,,,,,,
,,,,,,,,,,,,,,,,,,,,,,,,,,,,,,,,,,,,
,,,,,,,,,,,,,,,,,,,,,,,,,,,,,,,,,,,,
,,,,,,,,,,,,,,,,,,,,,,,,,,,,,,,,,,,,
,,,,,,,,,,,,,,,,,,,,,,,,,,,,,,,,,,,,
,,,,,,,,,,,,,,,,,,,,,,,,,,,,,,,,,,,,
,,,,,,,,,,,,,,,,,,,,,,,,,,,,,,,,,,,,
,,,,,,,,,,,,,,,,,,,,,,,,,,,,,,,,,,,,
,,,,,,,,,,,,,,,,,,,,,,,,,,,,,,,,,,,,
,,,,,,,,,,,,,,,,,,,,,,,,,,,,,,,,,,,,
,,,,,,,,,,,,,,,,,,,,,,,,,,,,,,,,,,,,
,,,,,,,,,,,,,,,,,,,,,,,,,,,,,,,,,,,,
,,,,,,,,,,,,,,,,,,,,,,,,,,,,,,,,,,,,
,,,,,,,,,,,,,,,,,,,,,,,,,,,,,,,,,,,,
,,,,,,,,,,,,,,,,,,,,,,,,,,,,,,,,,,,,
,,,,,,,,,,,,,,,,,,,,,,,,,,,,,,,,,,,,
,,,,,,,,,,,,,,,,,,,,,,,,,,,,,,,,,,,,
,,,,,,,,,,,,,,,,,,,,,,,,,,,,,,,,,,,,
,,,,,,,,,,,,,,,,,,,,,,,,,,,,,,,,,,,,
,,,,,,,,,,,,,,,,,,,,,,,,,,,,,,,,,,,,
,,,,,,,,,,,,,,,,,,,,,,,,,,,,,,,,,,,,
,,,,,,,,,,,,,,,,,,,,,,,,,,,,,,,,,,,,
,,,,,,,,,,,,,,,,,,,,,,,,,,,,,,,,,,,,
,,,,,,,,,,,,,,,,,,,,,,,,,,,,,,,,,,,,
,,,,,,,,,,,,,,,,,,,,,,,,,,,,,,,,,,,,
,,,,,,,,,,,,,,,,,,,,,,,,,,,,,,,,,,,,
,,,,,,,,,,,,,,,,,,,,,,,,,,,,,,,,,,,,
,,,,,,,,,,,,,,,,,,,,,,,,,,,,,,,,,,,,
,,,,,,,,,,,,,,,,,,,,,,,,,,,,,,,,,,,,
,,,,,,,,,,,,,,,,,,,,,,,,,,,,,,,,,,,,
,,,,,,,,,,,,,,,,,,,,,,,,,,,,,,,,,,,,
,,,,,,,,,,,,,,,,,,,,,,,,,,,,,,,,,,,,
,,,,,,,,,,,,,,,,,,,,,,,,,,,,,,,,,,,,
,,,,,,,,,,,,,,,,,,,,,,,,,,,,,,,,,,,,
,,,,,,,,,,,,,,,,,,,,,,,,,,,,,,,,,,,,
,,,,,,,,,,,,,,,,,,,,,,,,,,,,,,,,,,,,
,,,,,,,,,,,,,,,,,,,,,,,,,,,,,,,,,,,,
,,,,,,,,,,,,,,,,,,,,,,,,,,,,,,,,,,,,
,,,,,,,,,,,,,,,,,,,,,,,,,,,,,,,,,,,,
,,,,,,,,,,,,,,,,,,,,,,,,,,,,,,,,,,,,
,,,,,,,,,,,,,,,,,,,,,,,,,,,,,,,,,,,,
,,,,,,,,,,,,,,,,,,,,,,,,,,,,,,,,,,,,
,,,,,,,,,,,,,,,,,,,,,,,,,,,,,,,,,,,,
,,,,,,,,,,,,,,,,,,,,,,,,,,,,,,,,,,,,
,,,,,,,,,,,,,,,,,,,,,,,,,,,,,,,,,,,,
,,,,,,,,,,,,,,,,,,,,,,,,,,,,,,,,,,,,
,,,,,,,,,,,,,,,,,,,,,,,,,,,,,,,,,,,,
,,,,,,,,,,,,,,,,,,,,,,,,,,,,,,,,,,,,
,,,,,,,,,,,,,,,,,,,,,,,,,,,,,,,,,,,,
,,,,,,,,,,,,,,,,,,,,,,,,,,,,,,,,,,,,
,,,,,,,,,,,,,,,,,,,,,,,,,,,,,,,,,,,,
,,,,,,,,,,,,,,,,,,,,,,,,,,,,,,,,,,,,
,,,,,,,,,,,,,,,,,,,,,,,,,,,,,,,,,,,,
,,,,,,,,,,,,,,,,,,,,,,,,,,,,,,,,,,,,
,,,,,,,,,,,,,,,,,,,,,,,,,,,,,,,,,,,,
,,,,,,,,,,,,,,,,,,,,,,,,,,,,,,,,,,,,
,,,,,,,,,,,,,,,,,,,,,,,,,,,,,,,,,,,,
,,,,,,,,,,,,,,,,,,,,,,,,,,,,,,,,,,,,
,,,,,,,,,,,,,,,,,,,,,,,,,,,,,,,,,,,,
,,,,,,,,,,,,,,,,,,,,,,,,,,,,,,,,,,,,
,,,,,,,,,,,,,,,,,,,,,,,,,,,,,,,,,,,,
,,,,,,,,,,,,,,,,,,,,,,,,,,,,,,,,,,,,
,,,,,,,,,,,,,,,,,,,,,,,,,,,,,,,,,,,,
,,,,,,,,,,,,,,,,,,,,,,,,,,,,,,,,,,,,
,,,,,,,,,,,,,,,,,,,,,,,,,,,,,,,,,,,,
,,,,,,,,,,,,,,,,,,,,,,,,,,,,,,,,,,,,
,,,,,,,,,,,,,,,,,,,,,,,,,,,,,,,,,,,,
,,,,,,,,,,,,,,,,,,,,,,,,,,,,,,,,,,,,
,,,,,,,,,,,,,,,,,,,,,,,,,,,,,,,,,,,,
,,,,,,,,,,,,,,,,,,,,,,,,,,,,,,,,,,,,
,,,,,,,,,,,,,,,,,,,,,,,,,,,,,,,,,,,,
,,,,,,,,,,,,,,,,,,,,,,,,,,,,,,,,,,,,
,,,,,,,,,,,,,,,,,,,,,,,,,,,,,,,,,,,,
,,,,,,,,,,,,,,,,,,,,,,,,,,,,,,,,,,,,
,,,,,,,,,,,,,,,,,,,,,,,,,,,,,,,,,,,,
,,,,,,,,,,,,,,,,,,,,,,,,,,,,,,,,,,,,
,,,,,,,,,,,,,,,,,,,,,,,,,,,,,,,,,,,,
,,,,,,,,,,,,,,,,,,,,,,,,,,,,,,,,,,,,
,,,,,,,,,,,,,,,,,,,,,,,,,,,,,,,,,,,,
,,,,,,,,,,,,,,,,,,,,,,,,,,,,,,,,,,,,
,,,,,,,,,,,,,,,,,,,,,,,,,,,,,,,,,,,,
,,,,,,,,,,,,,,,,,,,,,,,,,,,,,,,,,,,,
,,,,,,,,,,,,,,,,,,,,,,,,,,,,,,,,,,,,
,,,,,,,,,,,,,,,,,,,,,,,,,,,,,,,,,,,,
,,,,,,,,,,,,,,,,,,,,,,,,,,,,,,,,,,,,
,,,,,,,,,,,,,,,,,,,,,,,,,,,,,,,,,,,,
,,,,,,,,,,,,,,,,,,,,,,,,,,,,,,,,,,,,
,,,,,,,,,,,,,,,,,,,,,,,,,,,,,,,,,,,,
,,,,,,,,,,,,,,,,,,,,,,,,,,,,,,,,,,,,
,,,,,,,,,,,,,,,,,,,,,,,,,,,,,,,,,,,,
,,,,,,,,,,,,,,,,,,,,,,,,,,,,,,,,,,,,
,,,,,,,,,,,,,,,,,,,,,,,,,,,,,,,,,,,,
,,,,,,,,,,,,,,,,,,,,,,,,,,,,,,,,,,,,
,,,,,,,,,,,,,,,,,,,,,,,,,,,,,,,,,,,,
,,,,,,,,,,,,,,,,,,,,,,,,,,,,,,,,,,,,
,,,,,,,,,,,,,,,,,,,,,,,,,,,,,,,,,,,,
,,,,,,,,,,,,,,,,,,,,,,,,,,,,,,,,,,,,
,,,,,,,,,,,,,,,,,,,,,,,,,,,,,,,,,,,,
,,,,,,,,,,,,,,,,,,,,,,,,,,,,,,,,,,,,
,,,,,,,,,,,,,,,,,,,,,,,,,,,,,,,,,,,,
,,,,,,,,,,,,,,,,,,,,,,,,,,,,,,,,,,,,
,,,,,,,,,,,,,,,,,,,,,,,,,,,,,,,,,,,,
,,,,,,,,,,,,,,,,,,,,,,,,,,,,,,,,,,,,
,,,,,,,,,,,,,,,,,,,,,,,,,,,,,,,,,,,,
,,,,,,,,,,,,,,,,,,,,,,,,,,,,,,,,,,,,
,,,,,,,,,,,,,,,,,,,,,,,,,,,,,,,,,,,,
,,,,,,,,,,,,,,,,,,,,,,,,,,,,,,,,,,,,
,,,,,,,,,,,,,,,,,,,,,,,,,,,,,,,,,,,,
,,,,,,,,,,,,,,,,,,,,,,,,,,,,,,,,,,,,
,,,,,,,,,,,,,,,,,,,,,,,,,,,,,,,,,,,,
,,,,,,,,,,,,,,,,,,,,,,,,,,,,,,,,,,,,
,,,,,,,,,,,,,,,,,,,,,,,,,,,,,,,,,,,,
,,,,,,,,,,,,,,,,,,,,,,,,,,,,,,,,,,,,
,,,,,,,,,,,,,,,,,,,,,,,,,,,,,,,,,,,,
,,,,,,,,,,,,,,,,,,,,,,,,,,,,,,,,,,,,
,,,,,,,,,,,,,,,,,,,,,,,,,,,,,,,,,,,,
,,,,,,,,,,,,,,,,,,,,,,,,,,,,,,,,,,,,
,,,,,,,,,,,,,,,,,,,,,,,,,,,,,,,,,,,,
,,,,,,,,,,,,,,,,,,,,,,,,,,,,,,,,,,,,
,,,,,,,,,,,,,,,,,,,,,,,,,,,,,,,,,,,,
,,,,,,,,,,,,,,,,,,,,,,,,,,,,,,,,,,,,
,,,,,,,,,,,,,,,,,,,,,,,,,,,,,,,,,,,,
,,,,,,,,,,,,,,,,,,,,,,,,,,,,,,,,,,,,
,,,,,,,,,,,,,,,,,,,,,,,,,,,,,,,,,,,,
,,,,,,,,,,,,,,,,,,,,,,,,,,,,,,,,,,,,
,,,,,,,,,,,,,,,,,,,,,,,,,,,,,,,,,,,,
,,,,,,,,,,,,,,,,,,,,,,,,,,,,,,,,,,,,
,,,,,,,,,,,,,,,,,,,,,,,,,,,,,,,,,,,,
,,,,,,,,,,,,,,,,,,,,,,,,,,,,,,,,,,,,
,,,,,,,,,,,,,,,,,,,,,,,,,,,,,,,,,,,,
,,,,,,,,,,,,,,,,,,,,,,,,,,,,,,,,,,,,
,,,,,,,,,,,,,,,,,,,,,,,,,,,,,,,,,,,,
,,,,,,,,,,,,,,,,,,,,,,,,,,,,,,,,,,,,
,,,,,,,,,,,,,,,,,,,,,,,,,,,,,,,,,,,,
,,,,,,,,,,,,,,,,,,,,,,,,,,,,,,,,,,,,
,,,,,,,,,,,,,,,,,,,,,,,,,,,,,,,,,,,,
,,,,,,,,,,,,,,,,,,,,,,,,,,,,,,,,,,,,
,,,,,,,,,,,,,,,,,,,,,,,,,,,,,,,,,,,,
,,,,,,,,,,,,,,,,,,,,,,,,,,,,,,,,,,,,
,,,,,,,,,,,,,,,,,,,,,,,,,,,,,,,,,,,,
,,,,,,,,,,,,,,,,,,,,,,,,,,,,,,,,,,,,
,,,,,,,,,,,,,,,,,,,,,,,,,,,,,,,,,,,,
,,,,,,,,,,,,,,,,,,,,,,,,,,,,,,,,,,,,
,,,,,,,,,,,,,,,,,,,,,,,,,,,,,,,,,,,,
,,,,,,,,,,,,,,,,,,,,,,,,,,,,,,,,,,,,
,,,,,,,,,,,,,,,,,,,,,,,,,,,,,,,,,,,,
,,,,,,,,,,,,,,,,,,,,,,,,,,,,,,,,,,,,
,,,,,,,,,,,,,,,,,,,,,,,,,,,,,,,,,,,,
,,,,,,,,,,,,,,,,,,,,,,,,,,,,,,,,,,,,
,,,,,,,,,,,,,,,,,,,,,,,,,,,,,,,,,,,,
,,,,,,,,,,,,,,,,,,,,,,,,,,,,,,,,,,,,
,,,,,,,,,,,,,,,,,,,,,,,,,,,,,,,,,,,,
,,,,,,,,,,,,,,,,,,,,,,,,,,,,,,,,,,,,
,,,,,,,,,,,,,,,,,,,,,,,,,,,,,,,,,,,,
,,,,,,,,,,,,,,,,,,,,,,,,,,,,,,,,,,,,
,,,,,,,,,,,,,,,,,,,,,,,,,,,,,,,,,,,,
,,,,,,,,,,,,,,,,,,,,,,,,,,,,,,,,,,,,
,,,,,,,,,,,,,,,,,,,,,,,,,,,,,,,,,,,,
,,,,,,,,,,,,,,,,,,,,,,,,,,,,,,,,,,,,
,,,,,,,,,,,,,,,,,,,,,,,,,,,,,,,,,,,,
,,,,,,,,,,,,,,,,,,,,,,,,,,,,,,,,,,,,
,,,,,,,,,,,,,,,,,,,,,,,,,,,,,,,,,,,,
,,,,,,,,,,,,,,,,,,,,,,,,,,,,,,,,,,,,
,,,,,,,,,,,,,,,,,,,,,,,,,,,,,,,,,,,,
,,,,,,,,,,,,,,,,,,,,,,,,,,,,,,,,,,,,
,,,,,,,,,,,,,,,,,,,,,,,,,,,,,,,,,,,,
,,,,,,,,,,,,,,,,,,,,,,,,,,,,,,,,,,,,
,,,,,,,,,,,,,,,,,,,,,,,,,,,,,,,,,,,,
,,,,,,,,,,,,,,,,,,,,,,,,,,,,,,,,,,,,
,,,,,,,,,,,,,,,,,,,,,,,,,,,,,,,,,,,,
,,,,,,,,,,,,,,,,,,,,,,,,,,,,,,,,,,,,
,,,,,,,,,,,,,,,,,,,,,,,,,,,,,,,,,,,,
,,,,,,,,,,,,,,,,,,,,,,,,,,,,,,,,,,,,
,,,,,,,,,,,,,,,,,,,,,,,,,,,,,,,,,,,,
,,,,,,,,,,,,,,,,,,,,,,,,,,,,,,,,,,,,
,,,,,,,,,,,,,,,,,,,,,,,,,,,,,,,,,,,,
,,,,,,,,,,,,,,,,,,,,,,,,,,,,,,,,,,,,
,,,,,,,,,,,,,,,,,,,,,,,,,,,,,,,,,,,,
,,,,,,,,,,,,,,,,,,,,,,,,,,,,,,,,,,,,
,,,,,,,,,,,,,,,,,,,,,,,,,,,,,,,,,,,,
,,,,,,,,,,,,,,,,,,,,,,,,,,,,,,,,,,,,
,,,,,,,,,,,,,,,,,,,,,,,,,,,,,,,,,,,,
,,,,,,,,,,,,,,,,,,,,,,,,,,,,,,,,,,,,
,,,,,,,,,,,,,,,,,,,,,,,,,,,,,,,,,,,,
,,,,,,,,,,,,,,,,,,,,,,,,,,,,,,,,,,,,
,,,,,,,,,,,,,,,,,,,,,,,,,,,,,,,,,,,,
,,,,,,,,,,,,,,,,,,,,,,,,,,,,,,,,,,,,
,,,,,,,,,,,,,,,,,,,,,,,,,,,,,,,,,,,,
,,,,,,,,,,,,,,,,,,,,,,,,,,,,,,,,,,,,
,,,,,,,,,,,,,,,,,,,,,,,,,,,,,,,,,,,,
,,,,,,,,,,,,,,,,,,,,,,,,,,,,,,,,,,,,
,,,,,,,,,,,,,,,,,,,,,,,,,,,,,,,,,,,,
,,,,,,,,,,,,,,,,,,,,,,,,,,,,,,,,,,,,
,,,,,,,,,,,,,,,,,,,,,,,,,,,,,,,,,,,,
,,,,,,,,,,,,,,,,,,,,,,,,,,,,,,,,,,,,
,,,,,,,,,,,,,,,,,,,,,,,,,,,,,,,,,,,,
,,,,,,,,,,,,,,,,,,,,,,,,,,,,,,,,,,,,
,,,,,,,,,,,,,,,,,,,,,,,,,,,,,,,,,,,,
,,,,,,,,,,,,,,,,,,,,,,,,,,,,,,,,,,,,
,,,,,,,,,,,,,,,,,,,,,,,,,,,,,,,,,,,,
,,,,,,,,,,,,,,,,,,,,,,,,,,,,,,,,,,,,
,,,,,,,,,,,,,,,,,,,,,,,,,,,,,,,,,,,,
,,,,,,,,,,,,,,,,,,,,,,,,,,,,,,,,,,,,
,,,,,,,,,,,,,,,,,,,,,,,,,,,,,,,,,,,,
,,,,,,,,,,,,,,,,,,,,,,,,,,,,,,,,,,,,
,,,,,,,,,,,,,,,,,,,,,,,,,,,,,,,,,,,,
,,,,,,,,,,,,,,,,,,,,,,,,,,,,,,,,,,,,
,,,,,,,,,,,,,,,,,,,,,,,,,,,,,,,,,,,,
,,,,,,,,,,,,,,,,,,,,,,,,,,,,,,,,,,,,
,,,,,,,,,,,,,,,,,,,,,,,,,,,,,,,,,,,,
,,,,,,,,,,,,,,,,,,,,,,,,,,,,,,,,,,,,
,,,,,,,,,,,,,,,,,,,,,,,,,,,,,,,,,,,,
,,,,,,,,,,,,,,,,,,,,,,,,,,,,,,,,,,,,
,,,,,,,,,,,,,,,,,,,,,,,,,,,,,,,,,,,,
,,,,,,,,,,,,,,,,,,,,,,,,,,,,,,,,,,,,
,,,,,,,,,,,,,,,,,,,,,,,,,,,,,,,,,,,,
,,,,,,,,,,,,,,,,,,,,,,,,,,,,,,,,,,,,
,,,,,,,,,,,,,,,,,,,,,,,,,,,,,,,,,,,,
,,,,,,,,,,,,,,,,,,,,,,,,,,,,,,,,,,,,
,,,,,,,,,,,,,,,,,,,,,,,,,,,,,,,,,,,,
,,,,,,,,,,,,,,,,,,,,,,,,,,,,,,,,,,,,
,,,,,,,,,,,,,,,,,,,,,,,,,,,,,,,,,,,,
,,,,,,,,,,,,,,,,,,,,,,,,,,,,,,,,,,,,
,,,,,,,,,,,,,,,,,,,,,,,,,,,,,,,,,,,,
,,,,,,,,,,,,,,,,,,,,,,,,,,,,,,,,,,,,
,,,,,,,,,,,,,,,,,,,,,,,,,,,,,,,,,,,,
,,,,,,,,,,,,,,,,,,,,,,,,,,,,,,,,,,,,
,,,,,,,,,,,,,,,,,,,,,,,,,,,,,,,,,,,,
,,,,,,,,,,,,,,,,,,,,,,,,,,,,,,,,,,,,
,,,,,,,,,,,,,,,,,,,,,,,,,,,,,,,,,,,,
,,,,,,,,,,,,,,,,,,,,,,,,,,,,,,,,,,,,
,,,,,,,,,,,,,,,,,,,,,,,,,,,,,,,,,,,,
,,,,,,,,,,,,,,,,,,,,,,,,,,,,,,,,,,,,
,,,,,,,,,,,,,,,,,,,,,,,,,,,,,,,,,,,,
,,,,,,,,,,,,,,,,,,,,,,,,,,,,,,,,,,,,
,,,,,,,,,,,,,,,,,,,,,,,,,,,,,,,,,,,,
,,,,,,,,,,,,,,,,,,,,,,,,,,,,,,,,,,,,
,,,,,,,,,,,,,,,,,,,,,,,,,,,,,,,,,,,,
,,,,,,,,,,,,,,,,,,,,,,,,,,,,,,,,,,,,
,,,,,,,,,,,,,,,,,,,,,,,,,,,,,,,,,,,,
